0,Slow Cooker Barbeque
1,Creamy Chicken Lasagna
2,Baked Ziti I
3,Spicy Thai Basil Chicken (Pad Krapow Gai)
4,Broiled Tilapia Parmesan
5,Roast Sticky Chicken-Rotisserie Style
6,Salsa Chicken
7,Salmon with Dill
8,Deb's General Tso's Chicken
9,Smokey Chipotle Meatloaf
10,Quick Fish Tacos
11,Juicy Thanksgiving Turkey
12,Baked Teriyaki Chicken
13,Chef John's Turkey Sloppy Joes
14,Baked Pork Chops I
15,Greek Lemon Chicken and Potatoes
16,Detroit-Style Pizza
17,Fried Chicken with Creamy Gravy
18,World's Best Lasagna
19,Dijon-Tarragon Cream Chicken
20,Rosemary Ranch Chicken Kabobs
21,"Pork Chops with Fresh Tomato, Onion, Garlic, and Feta"
22,Grilled Salmon I
23,Brown Sugar Meatloaf
24,Chicken Marsala
25,Rich and Creamy Beef Stroganoff
26,Kielbasa and Cabbage
27,Old Fashioned Mac and Cheese
28,Zesty Slow Cooker Chicken Barbecue
29,Creamy Herbed Pork Chops
30,Maple Salmon
31,Grilled Cheese Sandwich
32,Baked Macaroni and Cheese
33,Happy Shrimp
34,Simple Hamburger Stroganoff
35,Braised Corned Beef Brisket
36,Sweet Hot Mustard Chicken Thighs
37,Pork Marsala
38,Spicy Chipotle Turkey Burgers
39,Chicken Enchiladas II
40,Slow Cooker Pulled Pork
41,Sloppy Joes II
42,Awesome Slow Cooker Pot Roast
43,Chicken Cordon Bleu II
44,Chinese Pepper Steak
45,Spanakopita (Greek Spinach Pie)
46,Instant Pot® Salisbury Steak with Onion and Mushroom Gravy
47,Easy Meatloaf
