0,Cream Cheese Pickles
1,Elegant Fig Appetizers with Goat Cheese and  Almonds
2,Healthier Restaurant-Style Buffalo Chicken Wings
3,Hot Cheesy Spinach Dip
4,Mexican Style Meatballs
5,Stef's Super Cheesy Garlic Bread
6,Double Tomato Bruschetta
7,Sun-Dried Tomato Hummus
8,Cheese Onion Garlic Bread
9,Egg Roll Wrappers
10,Chinese Chicken Wings
11,Sweet and Sour Dipping Sauce
12,Chicken Wing Dip
13,Spicy Seafood Shell Appetizers
14,Sausage Stuffed Jalapenos
15,Puffs
16,Green Bean Bundles
17,Corn Dip
18,Cheese Dip with Beer
19,Beef Egg Rolls
20,Blue Cheese and Pear Tartlets
21,Baked Tortilla Chips
22,Stuffed Jalapeno Firecrackers
23,Spicy Pretzels
24,Sweet Chili Thai Sauce
25,Cheesy Thumbprint Appetizers with Hot Pepper Jelly
26,Baked Jalapeno Poppers
27,My Crab Cakes
28,Sweet Deviled Eggs
29,Asparagus Rolantina
30,Buttermilk-Battered Calamari
31,The Perfect Hot Artichoke and Spinach Dip
32,Sausage Jalapeno Poppers
33,Fresh Spring Rolls With Thai Dipping Sauce
34,Mexican-Style Shrimp Cocktail
35,Beefy Cheese Dip
36,Garlic Spread
37,Chex® Pumpkin Pie Crunch
38,Carrie's Bruschetta Appetizer
39,Local Kine Wontons
40,Cheesy Pizza Dip
41,Pesto Tomatoes
42,Vicki's Hush Puppies
43,Bacon Cheese Treats
44,Avocado Toast (Vegan)
45,Quick Baked Zucchini Chips
46,Scallops with White Wine Sauce I
47,Super Easy Fruit Dip
48,Hot Crab Dip Appetizer
49,Hot Spinach Red Pepper Dip
50,"Salami, Cream Cheese, and Pepperoncini Roll-Ups"
51,Toasted Garlic Bread
52,Mushroom Stuffing Balls
53,Asiago Toasted Cheese Puffs
54,Cinnasweet Pumpkin Seeds
55,Caramel Snack Mix
56,Pickle Rolls
57,Stuffed Pepperoncini
58,Potstickers (Chinese Dumplings)
59,Phyllo Turnovers with Shrimp and Ricotta Filling
60,Rice Cereal Energy Bars
61,Fried Pickles
62,Garlic and Parmesan Chicken Wings
63,Mozzarella and Tomato Appetizer Tray
64,Artichoke Bruschetta
65,Creamy Cheesy Spinach Dip
66,Cheese Ball
67,Coconut Shrimp I
68,Bacon Wrapped Pineapple
69,Roasted Portobello Mushrooms with Blue Cheese
70,Sweet and Spicy Almonds
71,Artichoke Spread
72,Vegetarian Sweet and Sour Meatballs
73,Lana's Sweet and Sour Meatballs
74,Fig and Olive Tapenade
75,The Most Incredible Garlic Bread
76,Deviled Eggs
77,Bacon Roll Ups II
78,Favorite Hamburger Bites
79,Bird Seed Energy Bars
80,Sun-Dried Tomato Dip
81,Cheese Ball I
82,Easy Cheesy Garlic Bread
83,Greek Saganaki
84,Hot Bruschetta Dip
85,Manhattan Meatballs
86,Garlic Bread
87,King Crab Appetizers
88,Slow Cooker Cocktail Smokies
89,Chicken Nachos
90,Alabama Fire Crackers
91,Artichoke & Spinach Dip Restaurant Style
92,Cinnamon Snack Mix
93,Tapenade
94,Sweet and Spicy Pumpkin Seeds
95,Guacamole
96,Fried Mozzarella Cheese Sticks
97,Amy's Cilantro Cream Sauce
98,Party Kielbasa
99,Beth's Tex Mex Dip
100,Buffalo Chicken Dip
101,Jalapeno Poppers of Champions
102,Dog Food Dip
103,Hot Artichoke Dip
104,Fruit Dip with Cream Cheese
105,Emily's Pickled Eggs
106,Artichoke and Roasted Red Pepper Dip
107,Chicken Liver Pate
108,Jalapeno Popper Mushrooms
109,Sweet Hot Mustard Chicken Wings
110,Corn and Avocado Salsa
111,Easy Ham and Cheese Appetizer Sandwiches
112,Stuffed Mushrooms with Spinach
113,Bisquick® Sausage Balls
114,Beer-Batter Onion Rings
115,Stuffed Celery
116,Mexican Wontons
117,Classic Savory Deviled Eggs
118,Spicy Maryland Crab Dip
119,Sweet Pumpkin Seeds
120,Spinach Balls
121,Black Bean Hummus
122,Parmesan Broccoli Balls
123,Pico De Gallo
124,Puerto Rican Tostones (Fried Plantains)
125,Pat's Dumplings
126,Great Garlic Bread
127,Mary's Roasted Red Pepper Dip
128,Bacon Wrapped Smokies
129,Black Bean Salsa
130,Broccoli Bites
131,Garlic Bread Fantastique
132,Tiny Chicken Turnovers
133,Caramel Pretzel Nut Popcorn
134,Clone of a Pretzel Dip
135,Marinated Cheese
136,Deviled Eggs I
137,Playgroup Granola Bars
138,Granola Bars
139,Super Easy Hummus
140,Baked Onion Dip II
141,Basil Pesto Bread
142,Chutney Baked Brie
143,Grilled Jalapeno Poppers
144,"Easiest, Amazing Guacamole"
145,Danish Meatballs with Dill Sauce
146,Antojitos Minis
147,Bacon Cheese Puffs
148,Cheese and Olive Bread
149,Halloween Eye of Newt
150,Quick Garlic Breadsticks
151,Caribbean Holiday Shrimp
152,Divine Hard-Boiled Eggs
153,Sarah's Salsa
154,Deer Poppers
155,Parmesan Fried Zucchini
156,Roasted Garlic Bread
157,Garlic Parmesan Olives
158,Spicy South of the Border Spinach Cheese Dip
159,Crispy Fried Chicken Wings
160,Cream Cheese and Ham Spread
161,Perfect Sushi Rice
162,Mini Ham And Cheese Rolls
163,Spiced Bacon Twists
164,Unbelievable Grilled Garlic Bread
165,Cheesesteak Egg Rolls
166,Cinnamon Toast Pumpkin Seeds
167,Cheesy Buffalo Chicken Dip
168,Black Bean and Chickpea Hummus
169,Microwave Popcorn
170,Crab Canapes
171,Appetizer Mussels
172,Fresh Guacamole
173,The Best Frikin' Party Dip Ever!
174,Crab Cakes III
175,Jimmbo's Garlic Knots
176,Pepperoni Stuffed Mushrooms
177,Cheesecake-Stuffed Strawberries
178,Bacon Crackers
179,"Veronica's Hot Spinach, Artichoke and Chile Dip"
180,Basil Pesto Bread Rounds
181,Grilled Portobello Mushrooms
182,Yummy Roll Ups
183,Allison's Cold Crab Dip
184,Baked Hawaiian Sandwiches
185,Asian Lettuce Wraps
186,Cranberry Meatballs
187,Spicy Oil and Vinegar Bread Dip
188,No Bake Granola Bars
189,Oven Fried Chicken Wings
190,Basil and Pesto Hummus
191,Caramel Corn Snack Mix
192,Classic Texas Caviar
193,Simple Deviled Eggs
194,Best Egg Rolls
195,The Best Fresh Tomato Salsa
196,Antipasto Squares
197,Stuffed Filet Mignon Bites
198,Beer Battered Fried Vegetables
199,BBQ Meatballs
200,Swedish Meatballs (From a Swede!)
201,Creamy Dill Dipping Sauce
202,Traditional Christmas Cheese Ball
203,Best Ever Jalapeno Poppers
204,Rockin' Oysters Rockefeller
205,Cheese Dip II
206,Special Deviled Eggs
207,Avocado Deviled Eggs
208,Cajun Deviled Eggs
209,Chocolate Chip Cheese Ball
210,Cowboy Caviar
211,Creamy Avocado-Ranch Dip
212,Bacon Wrapped Stuffed Mushrooms
213,Easy Chicken Taquitos
214,Florentine Artichoke Dip
215,Artichoke Dip
216,Chef John's Chicken Lettuce Wraps
217,Stuffed Mushrooms III
218,Artichoke Bites II
219,Spinach Cheese Ball
220,Bacon and Date Appetizer
221,Spinach and Artichoke Dip
222,Mom's Sticky Chicken From 1972
223,Restaurant-Style Potato Skins
224,Black Bean Avocado Salsa
225,Delicious Artichoke Dip
226,Southwest-Style Egg Rolls
227,Chef John's Cheesy Crackers
228,Cindy's Tasty Wings
229,Cheese Dipping Sauce
230,Traditional Filipino Lumpia
231,Buffalo Cauliflower
232,Over the Top Nachos
233,Queso Dip
234,Cheese Ball with Cream Cheese
235,Easy Fruit Dip
236,Chewy Chocolate Chip Granola Bars
237,Cindi's Egg Rolls
238,Grilled Bacon Jalapeno Wraps
239,Apple Goat Cheese Bruschetta
240,Mozzarella Puffs
241,Cinnamon-Apple Chex® Mix
242,Becca's Bruschetta
243,Chili Cheese Dip III
244,Cherry Tomatoes Filled with Goat Cheese
245,Bacon-Wrapped Jalapeno Poppers
246,Grilled Buffalo Wings
247,Best-Ever Texas Caviar
248,Easy Blender Salsa
249,Crab Cakes II
250,Zucchini Cheese Garlic Appetizer
251,Fava Bean Breakfast Spread
252,Avocado Corn Salsa
253,Yummy Artichoke Dip
254,Caroline and Brian's Stuffed Mushrooms
255,Annie's Fruit Salsa and Cinnamon Chips
256,Boneless Buffalo Wings
257,Fennel Cucumber Salsa
258,Bacon Cheddar Jalapeno Poppers
259,Avocado Feta Salsa
260,Zesty Porcupine Meatballs
261,Baked Pork Spring Rolls
262,Watermelon Fire and Ice Salsa
263,Spicy Glazed Pecans
264,Spinach Roll-Ups
265,Best Zucchini Appetizer
266,Cheddar and Olive Balls
267,Easy Lemon Pepper Chicken Wings
268,Italian Butter
269,Roasted Tomato Salsa I
270,Cucumber-Mango Salsa
271,Lit'l Smokies® Mummy Dogs
272,You've Gotta Be Kidding Onions
273,Rockin' Salsa
274,Best Guacamole
275,Sausage Cheese Balls
276,Cheddar Ranch Dip
277,Tortellini Bites
278,BBQ Chicken Wings
279,The Best Bacon-Tomato Dip
280,Dinah's Stuffed Mushrooms
281,Seven Layer Tex Mex Dip
282,Fresh Mango Salsa
283,Japanese Chicken Wings
284,Baked Chicken Wings
285,Baba Ghanoush
286,Dried Beef Cheese Ball
287,Candied Bacon
288,Easy Spinach Dip
289,No Bake Energy Balls
290,Emergency Garlic Bread
291,Easy Red Pepper Hummus
292,Frosted Pecan Bites
293,Armadillo Eggs
294,Pumpkin Dip
295,Tortilla Pinwheels
296,Chili Chicken
297,Beer Dip I
298,Insanely Amazing Jalapeno Cheese Dip
299,Chef John's Shrimp Cocktail 
300,Vietnamese Salad Rolls
301,Easy Rumaki with Pineapple
302,Marinated Mushrooms II
303,Pumpkin Fritters
304,Tortilla Espanola (Spanish Tortilla)
305,Chicken and Broccoli Braid
306,Gyoza
307,The Best Seafood Stuffed Mushrooms
308,Irish Egg Rolls
309,Chicken Puffs
310,Grinch Kabobs
311,Salmon Spread I
312,Black Bean and Corn Salsa
313,Homemade Butter
314,Salsa De Tomatillo
315,Spicy Hot Chicken Legs
316,Absolutely the Best Nacho Dip Ever
317,Hot Bean Dip
318,Hot Corn Dip
319,Easy Never Forgotten Guacamole
320,Maryland Crab Cakes III
321,Smoky Chipotle Hummus
322,Ex-Girlfriend's Mom's Salsa Fresca (Pico de Gallo)
323,Honey Orange Firecracker Shrimp
324,Tomato and Mozzarella Bites
325,Pizza Rolls
326,Roasted Tomatillo and Garlic Salsa
327,Mexican Cream Cheese Rollups
328,"Mango, Peach and Pineapple Salsa"
329,Sesame Chicken Strips with Sweet Sauce
330,Byrdhouse Marinated Tomatoes and Mushrooms
331,Texas Glazed Pecans
332,Marinated Pork Strips
333,BLT Dip
334,Jeff's Chili Con Queso
335,Simple Roasted Chickpea Snack
336,Copycat Bang Bang Shrimp®
337,Chef John's Hot Spinach Artichoke Dip
338,Dirty Diapers
339,Bacon Wrapped Water Chestnuts III
340,Fruit Dip I
341,Ahi Poke Basic
342,Basic Hummus
343,Chicago Dip
344,Artichoke Hearts Gratin
345,Cocktail Meatballs IV
346,Perfect Deviled Eggs
347,Fresh Tomato Salsa
348,Best Ever Party Appetizer
349,Beer Cheese Dip II
350,Fiesta Stuffed Peppers
351,Remoulade Sauce a la New Orleans
352,Lazy Bruschetta
353,Artichoke Dip I
354,Teriyaki Chicken Wings
355,Espinacas con Garbanzos (Spinach with Garbanzo Beans)
356,Baked Kale Chips
357,Sugar Coated Pecans
358,Spicy Bean Salsa
359,Ken's Perfect Hard Boiled Egg (And I Mean Perfect)
360,Chef John's Deviled Eggs
361,Outrageous Warm Chicken Nacho Dip
362,Olive Oil Dip for Italian Bread
363,Sausage Stuffed Mushrooms II
364,Best Hot Crab Dip
365,Renaissance Stuffed Mushrooms
366,Pork Dumplings
367,Mexican White Sauce
368,Festive Bean Spread
369,Fresco Salsa
370,Easy Roasted Red Pepper Hummus
371,Granola Bars III
372,No-Bake Energy Bites
373,Baked Cheese Olives
374,Roasted Red Pepper Tapenade
375,Hot Mexican Spinach Dip
376,Thai Chicken Wings
377,Onion Rings
378,Enchilada Meatballs
379,Banana Fritters
380,Bonnie's Fruit Dip
381,Crostini D'Emily
382,Warm Blue Cheese Dip with Garlic and Bacon
383,Jalapeno Snacks
384,Cream Cheese Penguins
385,Taco Bake I
386,Parmesan Garlic Bread
387,Spiced Pecans
388,Bacon Appetizer Crescents
389,Bacon Roll Ups I
390,Sushi Roll
391,Bacon-Balsamic Deviled Eggs
392,Chex® Lemon Buddies
393,Sausage Applesauce Appetizer
394,Easy Sausage Cheese Balls
395,Crab Rangoon III
396,Jalapeno Popper Wontons
397,Bread Pot Fondue
398,Garlic Crab Artichoke Dip
399,Pita Chips
400,Figs and Toasted Almonds Brie
401,Cocktail Meatballs III
402,Monday Night Hot Wing Dip
403,Salsa Ninety Nine (Mild)
404,Green Salsa
405,Warm Mushroom Spread
406,Bacon Wrapped Bratwurst
407,Quesadilla Jalapeno Spread
408,White Chocolate Snack Mix
409,Cranberry Nut Granola Bars
410,Pineapple Cheese Ball
411,Ricotta Stuffed Zucchini
412,Granola Energy Bars
413,Hard Boiled Eggs in the Oven
414,White Chocolate Party Mix
415,Beer Battered Onion Rings
416,Candy Coated Pecans
417,Crispy Honey Sriracha Chicken Wings
418,Best Formula Three-Cheese Fondue
419,Movie Star Popcorn
420,Zucchini Pancakes
421,Water Chestnut Wraparounds
422,Beer Cheese Pretzel Dip
423,Amazing Crab Shells
424,Pressure Cooker Hard-Boiled Eggs
425,Dill Dip
426,Pizza Dip
427,Bacon Wrapped Shrimp
428,Jezebel Sauce
429,Quick and Easy Fruit Dip
430,Chef Scott's Pico de Gallo
431,Cheese Filled Triangles
432,Pepperoni Dip I
433,"Avocado, Tomato and Mango Salsa"
434,Wonton Wrappers
435,Swedish Meatballs II
436,Ryan's Reverse Popper Dip
437,Cranberry Salsa
438,Di's Delicious Deluxe Deviled Eggs
439,Red Potato Bites
440,Cherry Chicken Lettuce Wraps
441,Strawberry Bruschetta
442,Spinach Brownies
443,Greek Feta And Olive Spread
444,Crab Dip
445,Hot Crab Dip
446,"Tomato, Corn and Avocado Salsa"
447,Avocado Dip II
448,Easy Bruschetta
449,Hot Sweet Onion Dip
450,Chewy Granola Bars
451,Cranberry Dip
452,Baked Onion Dip I
453,Creamy Veggie Fondue
454,Tex Mex Black Bean Dip
455,Man Dip
456,Egg Rolls
457,Thai Chicken Balls
458,Honey Ginger Shrimp
459,Pico de Gallo
460,Cheesy Ranch Chex® Mix
461,Sweet and Sour Meatballs
462,Monterey Jack Salsa
463,Creamy Cheese Bread
464,Jose's Shrimp Ceviche
465,Spinach Dip I
466,Luscious Spinach Artichoke Dip
467,Mexican Lasagna Chip Dip
468,Mississippi Six
469,Fresh Salsa I
470,Bruschetta I
471,Blooming Onion
472,Prosciutto and Parmesan Pinwheels
473,Grilled Marinated Shrimp
474,Ali's Amazing Bruschetta
475,Double Chili Cheese Dip
476,Very Easy Shrimp Dip
477,Authentic Kicked-Up Syrian Hummus
478,Maryland Crab Cakes I
479,Kickin Stuffed Peppers
480,Caprese Appetizer
481,Olive Pecan Spread
482,Spicy Tortilla Roll-Ups
483,Bacon Ranch Cheese Ball
484,Kevin's Sausage Dip
485,Frosted Grapes
486,Beau Monde™  Dip
487,Deep Fried Oysters
488,Lumpia (Shanghai version)
489,Buffalo Wontons
490,Taco Dip
491,Creamed Hard Boiled Eggs
492,Energy Balls
493,Sausage Stuffed Mushrooms
494,Baked Brie in Puff Pastry
495,Cocktail Meatballs I
496,World's Best Bacon Cheese Dip
497,Baked Cream Cheese Appetizer
498,Corn Dip II
499,Pot Stickers Traditional
500,Almond 'You Must Be Nuts!' Crackers
501,Little Smokies
502,Jerk Chicken Wings  
503,Buffalo Chicken Wings I
504,Candied Almonds
505,Sweet and Sour Sauce II
506,Super Nachos
507,Artichoke Spinach Dip
508,Baked Stuffed Brie with Cranberries & Walnuts
509,Pumpkin Fluff Dip 
510,Pico de Tuna
511,Game Day Bites
512,Brown Sugar Smokies
513,Asian Roll Lettuce Wrap
514,Raspberry Walnut Baked Brie
515,Spam Musubi
516,Cheese Ring
517,Easy Guacamole
518,Chicken and Sun-Dried Tomato Bruschetta
519,Spicy Sweet Potato Chips
520,Honey Lime Chicken Wings
521,Sweet and Sour Meatballs (Suan T'ien Niu Jou Po Lo La Tzu)
522,Hot Artichoke Spinach Dip
523,Kettle Corn
524,Sassy Chicken Enchilada Dip
525,Fresh California Salsa
526,Vietnamese Fresh Spring Rolls
527,Jalapeno Popper Cups
528,Sugar Glazed Walnuts
529,Satay Sauce
530,Cocktail Wieners II
531,Nacho Cheese Sauce
532,Beef Samosas
533,Quick Pickled Eggs and Beets
534,Reuben Dip
535,Puppy Chow I
536,Mini Reubens
537,Warm Crab Parmesan Dip
538,Baked Ham and Cheese Party Sandwiches
539,Buttermilk Hush Puppies
540,Oriental Dipping Sauce
541,How to Make Perfect Hard Boiled Eggs  
542,Spicy Bacon-Wrapped Water Chestnuts II
543,Grilled Shrimp Scampi
544,Cajun Appetizer Meatballs
545,Hot Spinach and Artichoke Dip
546,Sweet Spicy Wings
547,Cheese Blintzes
548,Buffalo Chicken Wings III
549,Dried Beef Ball
550,Healthier Buffalo Chicken Dip
551,Ranch Style Oyster Crackers
552,Emily's Easy Sausage and Spicy Tomato Dip
553,Curried Hummus
554,Simple Artichoke Dip
555,Easy Slow Cooker Chicken Wings
556,Hot Sausage Dip
557,Cape Cod Cocktail Meatballs
558,Seven Layer Dip I
559,Caramelized Chicken Wings
560,Crab and Lobster Stuffed Mushrooms
561,Sweet Coated Pecans
562,Best Ever Layered Mexican Dip
563,Holly's Hummus
564,Hush Puppies I
565,Hummus I
566,Spanakopita II
567,French Onion Dip From Scratch
568,Ham Rolls
569,Marinated Veggies
570,Spinach Cheese Squares
571,Vegetable Dill Dip
572,Extra Easy Hummus
573,Jalapeno Poppers I
574,Stuffed Hot Peppers
575,Sweet and Spicy Cocktail Meatballs
576,Ham and Fresh Basil Pinwheels
577,Amazing No Cook Spinach Artichoke Dip
578,Restaurant Style Chicken Nachos
579,Wings In Cola
580,Smoked Salmon Sushi Roll
581,"High-Fiber, High-Protein Breakfast Bars"
582,Swedish Nuts II
583,Tuna Ball
584,Creamy Dill Cucumber Toasties
585,Parmesan Puffs
586,The Best Cheeseball
587,Ranch Bean Dip
588,Asparagus Wrapped in Crisp Prosciutto
589,Making Crispy Onion Rings
590,Indonesian Pork Satay
591,Baked Maryland Lump Crab Cakes
592,Glazed Nuts
593,Bloomin' Onion Dipping Sauce
594,"Eggplant -- Easy, Good and Tasty"
595,Easy Snack Wraps
596,Toasted Pumpkin Seeds with Sugar and Spice
597,Fruit Ball
598,Mexican Style Dip
599,Real Hummus
600,Crab Rangoon I
601,Chorizo Stuffed Poblano Peppers
602,Flayed Man Cheese Ball
603,Tortilla Rollups IV
604,The Best Stuffed Mushrooms
605,Hot and Spicy Pecans
606,Rachael's Superheated Cajun Boiled Peanuts
607,Baked Buffalo Chicken Dip
608,Grilled Pizza Wraps
609,Hot Chicken Wing Dip
610,Avocado Mango Salsa
611,Bacon Water Chestnut Rolls
612,Sweet and Sour Meatballs I
613,Mexican Pizza I
614,Sweet Party Mix
615,Crispy Cheese Twists
616,Deep Fried Mushrooms
617,Corn Fritters
618,Herman Reunion Cheese Ball
619,Valerie's Fruit Dip
620,Spinach Stuffed Portobello Mushrooms
621,Spinach Appetizers
622,Best Ever Shrimp Dip
623,Serious Herb Cheese Spread
624,BBQ Bacon Ranch Dip
625,Roasted Chickpeas
626,Broccoli Chicken Roli
627,Salsa
628,Crab Stuffed Mushrooms
629,Hot Jezebel
630,Raw Hummus
631,Fruit Salsa with Cinnamon Tortilla Chips
632,Mother-In-Law Eggs
633,Kielbasa Appetizers
634,Mexina Salsa Verde
635,Mexican Shrimp Cocktail
636,Feta Cheese Foldovers
637,Simple Texas Salsa
638,Sausage Flowers
639,Pan Fried Daikon Cake
640,The Best Sweet and Sour Meatballs
641,Playoff Meatballs
642,Traditional Mexican Guacamole
643,LuvAnn's Guacamole
644,Ants on a Log
645,Amazing and Easy Chicken Wings
646,Hawaiian Ham and Cheese Sliders
647,White Bean Spread With Garlic & Rosemary
648,Savory Crab Stuffed Mushrooms
649,Cheesy Breads
650,Dawn's Candied Walnuts
651,Jet Swirl Pizza Appetizers
652,Baby BLT
653,Baked Zucchini Fries
654,Homemade Horseradish
655,Pecan Snack
656,Marty's Thai Chicken Satay
657,Spinach Pinwheels
658,15-Minute Dinner Nachos Supreme
659,D's Famous Salsa
660,Strawberry Goat Cheese Bruschetta
661,Tomatillo Salsa Verde
662,Bacon Wrapped Barbeque Shrimp
663,Chicken Cordon Bleu Bites
664,Dill Cucumber Dip
665,Hard-Steamed Eggs
666,Cauliflower Pizza Bites
667,Garlic Feta Dip
668,Original Chex® Party Mix
669,Deep Fried Dill Pickles
670,Dip For The Stars
671,Spicy Mango Salsa
672,Beefy Chinese Dumplings
673,Marinated Pretzels
674,Bacon Wrapped Dates Stuffed with Blue Cheese
675,Easy Lettuce Wraps
676,Festive Cracker Spread
677,Veggie Delight on Garlic Bread
678,Tuna Dumplings
679,Spiced Sweet Roasted Red Pepper Hummus
680,Balsamic Mushrooms
681,Easy Pepperoni Bread
682,Won Ton Wrapper Appetizers
683,Shrimp Scampi Cheesecake Appetizer
684,Clemons Family Bean Dip
685,Jalapeno Popper Spread
686,Fruit Dip
687,Fantastic Crab Dip
688,Chex® Muddy Buddies®
689,Easy Greek Yogurt Cucumber Sauce
690,Rob's Screaming Stuffed Jalapeno Peppers
691,Stuffed Mushrooms II
692,Baked Brie with Caramelized Onions
693,Authentic Middle Eastern Hummus (Chummus)
694,Blue Cheese Chicken Wing Dip
695,Currant Jelly Wiener Sauce
696,Homestyle Potato Chips
697,Honey Brie Spread
698,Tofu and Rice Stuffed Peppers
699,Easy Shrimp Dip
700,Restaurant-Style Buffalo Chicken Wings
701,Awesome Crispy Baked Chicken Wings
702,Cocktail Meatballs II
703,The Best Smoked Salmon Spread
704,Crab Delights
705,Party Pinwheels
706,Best Spinach Dip Ever
707,Sweet and Sour Meatballs III
708,Cream Cheese Won Tons
709,Apple Toast
710,Spanikopita
711,Salmon Croquettes
712,Perfect Crab-Stuffed Mushrooms
713,Brie Cheese Appetizer
714,Blooming Onion and Dipping Sauce
715,Southern Pimento Cheese
716,Fantastic Mexican Dip
717,Joelle's Famous Hot Crab and Artichoke Dip
718,World's Best Cream Cheese and Pineapple Dip
719,Tortilla Rollups II
720,Angel's Yummy Bruschetta
721,Garden Tomato Salsa
722,Easy Butternut Squash Ravioli
723,Puppy Chow II
724,Cinnamon Sweet Potato Chips
725,Mexican Egg Rolls
726,Carla's Fruit Dip
727,Mexican White Cheese Dip/Sauce
728,Honey Mustard Dipping Sauce
729,Crabmeat Roll-Ups
730,Stuffed Cream Cheese Mushrooms
731,Cool Cucumber Salsa
732,Famous Meatballs
733,Flaky Crescent Mushroom Turnovers
734,Bacon and Tomato Cups
735,Won Ton Snacks
736,Parmesan Spinach Balls
737,Roasted Winter Squash Seeds
738,Yummy Cheese Ball
739,Mexican Ceviche
740,Shrimpcargot
741,Fusion Hummus
742,Garlic and Herb Pull Apart Bread
743,Chicken Cheese Ball
744,Balsamic Bruschetta
745,Garlic Pita Bread Bites
746,The Best Dry-Roasted Chickpea Recipe 
747,Shrimp Salsa
748,Hush Puppies II
749,Creamy Pimento Cheese
750,Easy Hummus
751,Turkey Cocktail Meatballs with Orange Cranberry Glaze
752,Barbecued Meatballs
753,Absolutely Amazing Ahi
754,Baked Oatmeal Breakfast Bars
755,Buffalo Chicken Wings II
756,Fluff Dip for Fruit
757,Hoagie Dip
758,White Chocolate Gorp
759,Spicy Deviled Eggs  
760,Spinach and Mushroom Pinwheels
761,Chicken Enchilada Dip
762,Olive Cheese Melts
763,Aunt Phyllis' Magnificent Cheese Ball
764,Taco Dip I
765,Authentic Chinese Egg Rolls (from a Chinese person)
766,Cream Cheese Fruit Dip
767,Okra Patties
768,"Heather's Cilantro, Black Bean, and Corn Salsa"
769,Benny's Famous Jalapeno Poppers
770,Spicy Corn Dip
771,Snicky Snackies
772,Indian-Spiced Roasted Chickpeas
773,April's Deviled Eggs
774,Daddy's Popcorn
775,Blue Cheese Dressing
776,Spinach Artichoke Feta Ball
777,Bruschetta with Shallots
778,Caesar Hot Artichoke Dip
779,Avocado-Mango Salsa
780,Mango Chutney Cheese Ball
781,Crab Dip II
782,Crab Rangoon
783,Zucchini Corn Fritters
784,Pumpkin Seeds with Cinnamon and Salt
785,Home-Fried Cheese Sticks
786,Cadillac Pimento Cheese
787,Tomatillo Guacamole
788,Mini Meatball Subs
789,Portabella Nirvana
790,Salsa II
791,Creamy Deviled Eggs
792,Tasty Fried Eggplant Balls
793,Artichoke Cheese Dip
794,Cod Fish Cakes
795,Crispy Vegetable Pakoras
796,Pepper Jelly Appetizer 
797,"Dill, Feta and Garlic Cream Cheese Spread"
798,Bacon Wrapped Water Chestnuts II
799,Deep Fried Jalapeno Slices
800,Chili Cheese Dip V
801,New England Crab Cakes
802,Potato Chips
803,White Bean Dip
804,Mike's Taco Dip
805,Sweet and Sour Kielbasa
806,Andie's Stuffed Mushrooms
807,Jalapeno Popper Dip
808,Broiled Lemon and Garlic Tiger Prawns
809,Pickled Eggs II
810,April's Roasted Red Pepper Cheese Ball
811,Chef John's Bacon Jam 
812,Chicken Taquitos
813,Avocado and Tuna Tapas
814,Authentic Mexican Shrimp Cocktail (Coctel de Camarones estilo Mexicano)
815,Basic  Fondue
816,Sausage Balls II
817,Bacon Wrapped Green Beans
818,Halloween Brain Dip
819,Carla's Sausage Cheese Balls
820,Deviled Eggs II
821,Kielbasa with Honey Mustard
822,Seasoned Crackers
823,Bacon Cheddar Deviled Eggs
824,Spiced Pumpkin Seeds
825,Bruschetta III
826,Artichoke Stuffed Mushrooms
827,Javi's Really Real Mexican Ceviche
828,Cheese Crispies
829,Scallops One - Two - Three
830,Dill Dip III
831,Hummus III
832,Caprese on a Stick
833,Seared Scallops with Tropical Salsa
834,Blue Cheese Ball
835,Bacon and Cheddar Stuffed Mushrooms
836,Crispy Chicken Strips
837,Quick and Easy Taco Dip
838,Beer Cheese Fondue
839,Spicy Party Pretzels
840,Kale Chips
841,Jen's Fresh and Spicy Salsa
842,Chicken Wings Pacifica
843,Best Ever Spinach Artichoke Dip
844,Smoked Fish Dip
845,Crab Bites
846,Puerto Rican Meat Patties
847,Slow Cooker Reuben Dip
848,My Own Famous Stuffed Grape Leaves
849,Mango Salsa
850,Ceviche
851,The Best Garlic Bread
852,Cocktail Meatballs
853,Spicy Roasted Red Pepper and Feta Hummus
854,Jalapeno Hummus
855,Seafood Stuffed Avocados
856,BBQ Cola Meatballs
857,Microwave Potato Chips
858,Perfect Pita Chips
859,Maryland Crab Cakes II
860,Blue Cheese Stuffed Mushrooms with Grilled Onions
861,Boiled Peanuts
862,Old-Fashioned Roasted Pecans
863,Chipotle Honey Roasted Peanuts
864,Pineapple Salsa
865,Garlic-Ginger Chicken Wings
866,Spicy Three Pepper Hummus
867,Mexican Potato Nachos
868,Jimmy Dean Sausage Cheese Balls
869,Strawberry Fruit Dip
870,Wheat Crackers
871,Texas Caviar I
872,Martha's Hot Almond Spread
873,Garlic Bread Mama Rita's Way!
874,No-Guilt Zesty Ranch Dip
875,Feta Cheese Ball
876,Hot Onion Dip
877,Mike's Mushroom Bread
878,Cheese Fondue
879,Ranch Oyster Crackers
880,Tina's Fruit Dip
881,Smoked Salmon Mousse
882,Smoked Salmon Spread
883,Awesome Slow Cooker Buffalo Wings
884,Beef Cocktail Meatballs
885,Salmon Spread II
886,Unbelievably Good Fruit Dip
887,California Bean Dip
888,Dill Wrapped Cream Cheese
889,Holiday Hot Spinach Dip
890,Cheesy Taco Dip
891,Gary's Stuffed Mushrooms
892,Baked Spinach Artichoke Dip
893,Mouth-Watering Stuffed Mushrooms
894,B's Cordon Bleu Bundles
895,Kalamata Olive Tapenade
896,Asparagus Appetizers
897,Apple Dip
898,Chicken Wraps
899,Kickin' Meatballs
900,Great Garlic Knots
901,Baked Buffalo Wings
902,"Grilled Eggplant, Tomato and Goat Cheese"
903,Tuscan Cream Cheese Spread
904,Seven Layer Dip II
905,Pickled Red Beet Eggs
906,Texas Caviar with Avocado
907,Southern Fried Chicken Gizzards
908,Wine Fondue
909,Crackers a la Yvette
910,Blue Cheese Dip II
911,Easy Granola Bars
912,Sweet and Gooey Chicken Wings
913,Blue Bacon Stuffed Mushrooms
914,Super Summer Salsa
915,Hot and Sweet Dipping Sauce
916,Garlic and Herb Cream Cheese
917,Best Football Dip Ever
918,Bacon Popcorn
919,Southwestern Egg Rolls
920,Honey Butter
921,Green Onion Cakes
922,Vegetable Dip
923,Shrimp Tempura
924,Honey Mustard Sauce
925,Meatballs and Sauce
926,Fruit Dip II
927,"Sweet, Salty, Spicy Party Nuts"
928,Homemade Beef Jerky
929,Best Bruschetta Ever
930,Grill Master Chicken Wings
931,Stuffed Mushrooms IV
932,Pepperoni Dip II
933,Candied Pecans 
934,Caramelized Spicy Pumpkin Seeds
935,Southern Fried Chicken Strips
936,Apple Chips
937,Bob's Stuffed Mushrooms
938,Toasted Pumpkin Seeds
939,Stuffed Jalapenos III
940,Seven Layer Taco Dip
941,Microwave Spiced Nuts
942,Buffalo Chicken Stuffed Shells
943,Fruit Dip VI
944,Fried Dill Pickles
945,Bacon Wrapped New Potatoes
946,Cheese Straws
947,Baked Potato Dip
948,Chocolate Chex® Caramel Crunch
949,Kale Krisps
950,White Pizza Dip
951,Garlic Bread Spread
952,Boniet
953,Mexican Layered Dip
954,Real Wisconsin Fried Cheese Curds
955,Shrimp Artichoke Dip
956,Beer Cheese Pretzel and Dip
957,Simply Guacamole
958,Fabulous Football Dip
959,Cauliflower Fritters
960,Radish Dip
961,Hot Artichoke and Spinach Dip II
962,Chicken Flautas
963,Cheesy Onion Roll-Ups
964,Bavarian Style Meatballs
965,Hearts of Palm Dip
966,Broccoli Ham Ring
967,Crispy Edamame
968,Mahogany Chicken Wings
969,Detroit Hot Honey Wings
970,Quick Asian Lettuce Wraps 
971,Fresh Salsa
972,Ham Croquettes
973,Hot Pizza Dip
974,Salsa Cheese Boule Dip
975,Awesome Egg Rolls
976,Crabby Cream Cheese Wontons
977,Bread Machine Garlic Bread
978,Easy Cheese Ball II
979,Corn Tortilla Chips
980,Roasted Pumpkin Seeds
981,Marinated Scallops Wrapped in Bacon
982,Artichoke Salsa
