name,image,ingredients,calories,fat,carbs,protein
Classic Pasta Primavera,https://www.edamam.com/web-img/2f4/2f4bd620571dbbe7016d240ffbc45e81.jpg,Chicken as food|Broth|Asparagus|Butter|Pasta|Pea|Broccoli|Zucchini|Cream|Vegetable|Basil|Tomato|Parmigiano-Reggiano|Cheese|Clove|Garlic|Spaghetti|Salt,554.9153827917706,27.85785729845327,60.19078516565733,19.15439794046337
Pasta Primavera recipes,https://www.edamam.com/web-img/319/319682336d45d7fa3d23e8bff75cf307,Cream|Parsley|Asparagus|Olive oil|Parmigiano-Reggiano|Cheese|Olive|Pea,367.845,16.93770833333333,43.05972500000001,11.426708333333334
Pasta Primavera Alfredo,https://www.edamam.com/web-img/898/8982426ac87824d6dee04c654e62d043.png,Cheese|Cream cheese|Carrot|Parmigiano-Reggiano|Broccoli|Cream|Garlic powder|Garlic|Spaghetti|Milk|Butter,421.2217451780139,18.158460073165,51.68352425481194,13.425485339908475
Bow-Tie Primavera,https://www.edamam.com/web-img/faf/faffe0a9462159d48dbff3045d496320.jpg,Spinach|Farfalle|Pasta|Parmigiano-Reggiano|Chili pepper|Cream|Asparagus|Tomato|Olive oil|Olive|Pea|Salt|Clove|Garlic|Black pepper,643.4379873035634,17.49062956098739,98.6337244218777,24.325070851942414
Grilling: Garlic and Cilantro Lamb Kabobs Recipe,https://www.edamam.com/web-img/dde/dde5811018d2252950c25e2f0cc71fcb.jpg,Lemon|Juice|Salt|Olive|Olive oil|Oil|Onion|Red onion|Black pepper|Bell pepper|Raisin|Garam masala|Lamb and mutton|Clove|Garlic|Orange (fruit)|Lime (fruit)|Coriander|Spice mix,288.66047874375,21.348776828875,7.873103854166666,16.321895867729165
Grilling: Bacon-Wrapped Chicken Kabobs Recipe,https://www.edamam.com/web-img/d6d/d6d5f3c35fb22e9edeec61d362225502.jpg,Soy sauce|Cider|Vinegar|Pineapple|Oil|Canola oil|Chicken as food|Honey|Agaricus bisporus|Mushroom|Bacon|Water|Skewer|Bamboo|Onion|Scallion,634.51919715,38.52606444216667,29.228422056,42.93243451566667
Grilled Lamb and Onion Kabobs with Olive Aioli,https://www.edamam.com/web-img/a19/a1954e99ed3593380bd1c8731072a30a.jpg,Olive|Black pepper|Oregano|Onion|Rosemary|Garlic|Clove|Lamb and mutton|Kosher salt|Salt|Mayonnaise|Olive oil|Oil|Lemon|Juice,292.9403713493321,24.590765815464277,3.0757911873868515,14.340914718870737
Grilled Tofu Kabobs with Spicy Marinade,https://www.edamam.com/web-img/7c4/7c44a0f1af1c91037ceb3d638f28cd07.jpg,Orange (fruit)|Garlic|Clove|Rice|Soy sauce|Gochujang|Chili pepper|Oil|Sesame oil|Sesame|Vegetable oil|Vegetable|Vinegar|Zest (ingredient)|Tofu,143.22504813219334,10.747733028666667,3.722075108208333,9.95738449825
Balinese Pork Satay (Sate Babi) With Sweet Soy Glaze and Peanut Sauce Recipe,https://www.edamam.com/web-img/0fa/0fa7b10cff0cba38b78cab1f5de214f1.jpg,Pork|Cymbopogon|Sugar|Salt|Black pepper|Kosher salt|Fish sauce|Oil|Canola oil|Tamarind|Sweet soy sauce|Garlic|Turmeric|Clove|Shallot|Vegetable|Glaze (cooking technique)|Water|Spice|Brown sugar|Ginger|Seed|Peanut|Palm sugar|Chili pepper|Pasilla|Coriander,651.9036520719574,45.33567710087366,33.05144376612818,32.934533624790106
Oven-Baked Halibut Steaks,https://www.edamam.com/web-img/4ff/4ffeb96af6b5c5efdc42f2c747d9622d.jpg,Steak|Salt|Seasoned salt|Garnish (food)|Parsley|Black pepper|Bread|White bread|Halibut,225.0778020833353,3.19833981770835,7.187872083333789,39.47489848958342
Halibut for Two,https://www.edamam.com/web-img/175/1759cd01af0f8b694b6fe3731ffd16b8.jpg,Canola oil|Kosher salt|Salt|Halibut|Steak|Leaf vegetable|Black pepper|Oil|Avocado|Flour|Olive|Olive oil,983.5305913124992,48.86387361624999,53.610801153124775,85.52522358062497
Halibut And Shimeji Baked In Parchment,https://www.edamam.com/web-img/28b/28bf4a3c44c5103f50a2fdfa029e24ba.jpg,Wine|Canola oil|Vegetable|Vegetable oil|Oil|Black pepper|White wine|Mushroom|Halibut|Steak|Shallot|Salt|Tarragon,180.22505332102764,4.882212949800827,2.0969590642815183,29.349610741916766
Baked Halibut with Onions and Peppers,https://www.edamam.com/web-img/775/775042749ab7172008b28b93b3c376c3.jpg,Juice|Halibut|Steak|Salt|Bell pepper|Paprika|Lemon|Margarine|Onion,191.23652990729167,5.977073449927083,3.512680833333333,29.415528206
Baked Halibut à la Wolfgang Puck,https://www.edamam.com/web-img/503/5032c3d65226dc78404b6ca62b0a56c1.jpg,Tomato|Basil|Garnish (food)|Black pepper|Olive oil|Oil|Olive|Salt|Steak|Halibut|Pasta,234.17327126222665,8.829029445366743,4.684358749957989,32.46662270199213
Soul Smothered Chicken,https://www.edamam.com/web-img/024/0245bb20a2ab492c6b1a20d43675910d.jpg,Butter|Flour|Black pepper|Cayenne pepper|Onion|Broth|Chicken as food|Carrot|Salt|Garlic|Clove|Celery,476.21396874999994,30.230621249999995,23.946392187499995,26.4367146875
Smothered Chicken A Soul Food,https://www.edamam.com/web-img/3f4/3f4b32484d8994e779c6f6541b1e7826.jpg,Ginger|Water|Spice|Milk|Flour|Seasoning|Cinnamon|Garlic powder|Paprika|Chicken as food|Broth|Garlic|Onion|Oil|Black pepper|Onion powder|Salt,305.9196749999279,22.263583374999804,7.223761812484881,18.245974437497956
Smothered Pork Chops / Soul Food Recipe,https://www.edamam.com/web-img/c49/c49ad464c1771213a4e848597165bd80.jpg,Oil|Vegetable oil|Vegetable|Black pepper|Celery|Paprika|Seasoning|Poultry|Salt|Kosher salt|Broth|Chicken as food|Flour|Garlic powder|Garlic|Cayenne pepper|Onion|Pork|Pork chop|Bell pepper|Clove|Ground meat,746.2826072333407,37.756725833334166,28.634997916666666,70.88055833333334
broccoli pizza,https://www.edamam.com/web-img/81e/81efcb2ed2ce0e9a609ba02a8d2ef170.jpg,Pizza|Dough|Lemon|Olive oil|Milk|Black pepper|Salt|Provolone|Butter|Pecorino Romano|Pecorino|Flour|Olive|Kosher salt|Clove|Garlic|Capsicum|Zest (ingredient)|Broccoli|Juice|Mozzarella,246.84329653821203,13.534352463412333,20.01514006680153,12.000131018139871
"Easy No-Roll, No-Stretch Sicilian-Style Square Pizza at Home Recipe",https://www.edamam.com/web-img/ae9/ae9358b0296225dc7a3d9f16dc903511.jpg,Baker's yeast|Salt|Oil|Olive|Flour|Basil|Kosher salt|Capsicum|Black pepper|Potato|Oregano|Olive oil|Dough|Tomato|Tomato juice|Juice|Garlic|Clove|Sugar|Mozzarella|Cheese,672.4259654786459,37.39716792632552,67.4424835064401,17.357676292203124
Mad Fresh Sriracha,https://www.edamam.com/web-img/a10/a107b22ceeae435b47a7f96b8fba54c4.jpg,Sugar|Sriracha sauce|Vinegar|Hot sauce|Garlic|Clove|Serrano pepper|Water|Xanthan gum|Salt,259.0717874997482,0.9829439999915325,57.291308499959975,10.609631999988329
Dinner Tonight: Mussels with Tomato Broth and Penne Recipe,https://www.edamam.com/web-img/cde/cdec46d55492e45cafff087c30c81936.jpg,Mussel|Tomato|Garlic|Clove|Tomato sauce|Wine|Black pepper|Capsicum|Olive|Olive oil|Oil|Vermouth,43.546775056,1.6399918270400002,1.7813193762400001,4.392692262400001
Eat Pizza in the Morning Like a Grownup,https://www.edamam.com/web-img/5e1/5e12d596458cc33e465fc8d8dc4d08ba.jpg,Flour|Black pepper|Naan|Salt|Kosher salt|Potato|Dough|Muffin|Hot sauce|Cheddar cheese|Oil|Olive oil|Olive|Pizza|Jalapeño|English muffin|Egg as food|Pita,342.3071266306875,21.95873740875417,18.919965238410004,17.98994067110792
Mostaccioli with Spinach and Feta,https://www.edamam.com/web-img/b0f/b0f7fa44492be1ca5aeeead6367becf2.jpg,Spinach|Tomato|Feta|Cheese|Olive|Olive oil|Basil|Onion|Scallion,300.4826291250001,13.357308426916667,34.00649588433334,11.680426735416669
Mostaccioli With Spinach And Feta,https://www.edamam.com/web-img/73a/73a3ceb164d21e1929cbe820347125c5.jpg,Olive oil|Garlic|Clove|Penne|Pasta|Spinach|Tomato|Basil|Feta|Cheese|Olive,304.82827965625006,13.450246993895837,34.54927536672918,12.339054004375
Mostaccioli with Spinach and Feta,https://www.edamam.com/web-img/9c4/9c4dd2b180785f28ff74e78a137f7a62.jpg,Spinach|Penne|Pasta|Tomato|Basil|Cheese|Salt|Feta|Clove|Garlic|Black pepper|Olive|Olive oil|Oil,306.3519595958188,13.470036621796211,34.93747987722886,12.402125855259941
"Mostaccioli, a refreshing twist on Pasta Salad",https://www.edamam.com/web-img/bf8/bf83035d048920f2c19d9528118a9039.jpg,Pea|Cheese|Chives|Tomato|Vinegar|Oil|Pasta|Thyme|Oregano|Penne|Sirloin steak|Kale|Spinach|Grape|Feta|Artichoke|Tuna|Meat|Wine|White wine|Olive,347.2257343147727,8.394282871102272,49.49492935002652,19.000143393237764
Drunken Mussels,https://www.edamam.com/web-img/1af/1afd1f4f800d1572bf932a8110a73d00.JPG,Scallion|Water|Mirin|Wine|Rice wine|Seed|Onion|Bird's eye chili|Chili pepper|Sugar|Palm sugar|Coriander|Mussel|Garnish (food)|Cardamom|Rice|Ginger,272.367210360075,3.835626739920199,20.923450148525983,20.45415629362037
Drunken Mussels,https://www.edamam.com/web-img/dc7/dc71751b1d9f5090e999df81ee753a8e.jpg,Butter|Bread|Capsicum|Mussel|Clove|Garlic|Parsley|Lemon|Wine|Black pepper|Garnish (food)|Zest (ingredient),790.1699032461,23.126494191785998,45.091756439845,59.25653217672901
Mike's Drunken Mussels Recipe,https://www.edamam.com/web-img/517/5171c5da51684e54cd0231512c516ec5.jpg,Onion|Coriander|Lime (fruit)|Oil|Bell pepper|Black pepper|Mussel|Jalapeño|Tequila|Cooking oil|Water,285.16017149805003,6.333112013393001,12.5221570386725,27.489642152114506
Mike's Drunken Mussels,https://www.edamam.com/web-img/0a2/0a2a17035ae4d3052b7701b1c5f3f1c9.jpg,Cooking oil|Oil|Onion|Mussel|Black pepper|Bell pepper|Coriander|Lime (fruit)|Tequila|Jalapeño|Water,282.80396909999996,6.302509544000001,11.9218417265,27.392108515000004
Mike's Drunken Mussels,https://www.edamam.com/web-img/b57/b57b009081fc31085ad04d26fb1a96c9.jpg,Coriander|Black pepper|Cooking oil|Oil|Jalapeño|Tequila|Water|Lime (fruit)|Bell pepper|Onion|Mussel,285.16017149805003,6.333112013393001,12.5221570386725,27.489642152114506
Chef John's Baked Mushroom Risotto,https://www.edamam.com/web-img/26f/26f8b02dc722221508b81ddac19cb638.jpg,Cream|Broth|Cheese|Parmigiano-Reggiano|Cayenne pepper|Black pepper|Onion|Chicken as food|Butter|Salt|Mushroom|Carnaroli|Chives|Rice,635.5417041249999,42.7351985725,51.30860723125,14.73570054625
Pork Chops Italiano,https://www.edamam.com/web-img/b36/b36aa236a877c52f784b872ec106f9fc.jpg,Oil|Garlic|Rosemary|Pork|Pork chop|Apple|Apple cider|Black pepper|Fennel|Olive oil|Olive|Cider|Salt|Clove|Berry|Juniper|Juniper berry,466.6275230000001,28.099713313333336,9.905925016666666,42.11589147
Pork Chops Italiano with Peppers and Onions,https://www.edamam.com/web-img/a8a/a8a108270338ff41028800e45d43bcf2.jpg,Onion|Pork chop|Pork|Black pepper|Bell pepper|Cheese,235.55869392364207,14.561196144054986,6.523612386036487,18.97857476419113
Dinner Tonight: Meatballs with Ricotta in Milk Recipe,https://www.edamam.com/web-img/6a4/6a42889306f76c31e8f88693dffa2ba7.jpg,Pork|Pistachio|Parmigiano-Reggiano|Salt|Black pepper|Veal|Pickled cucumber|Butter|Bread crumbs|Bread|Ricotta|Stock (food)|Chicken as food|Egg as food|Milk|Beef,583.7760698047875,42.78693767654476,12.347910797941877,36.25372332239837
Pulled Pork Italiano,https://www.edamam.com/web-img/f2a/f2a5b5a8c5cffa7f4534757c65b9937c.jpg,Black pepper|Stock (food)|Beef|Bay leaf|Kosher salt|Salt|Onion|Chili pepper|Pork|Thyme|Parsley|Seed|Fennel|Garlic|Tomato|Provolone|Rosemary|Canola oil|Broccoli|Rapini|Wine,1592.8518397990251,107.8079096579465,47.34816525483625,106.64222806830726
Pork Chops Italiano,https://www.edamam.com/web-img/38f/38fc32bd2a9a8fe1eb443e2ed24b25ca.jpg,Oregano|Salt|Basil|Edible mushroom|Pork loin|Pork|Black pepper|Olive oil|Oil|Olive|Tomato|Bell pepper|Onion|Clove|Garlic|Water,312.52169060833336,20.308784202213545,7.401970843390625,24.99430672899479
Slow-Cooker Leftover Turkey Chile Verde Recipe,https://www.edamam.com/web-img/8d4/8d48a514795d97fbd0d62a4c72602107.jpg,Olive|Serrano pepper|Kosher salt|Garlic|Onion|Chili pepper|Meat|Turkey as food|Coriander|Black pepper|Oil|Tomatillo|Oregano|Olive oil|Cornmeal|Cheese|Monterey Jack|Bean|Cumin|Tortilla|Salt|Chicken as food|Tortilla chip|Lime (fruit)|Red onion|Clove|Jalapeño|French fries|Poblano|Chili powder|Cream|Sour cream,493.6497454718089,19.157373936953636,45.40775144960201,37.00679057555623
Slow Cooker Chicken Chile Verde recipes,https://www.edamam.com/web-img/fad/fadcd5e6bbaf9d38180895b7f968dc7c,Black pepper|Garlic|Clove|Onion|Poblano|Coriander|Maize|Corn tortilla|Tortilla|Vegetable|Jalapeño|Lime (fruit)|Juice|Chicken as food|Tomatillo|Cumin|Vegetable oil|Oil|Giblets|Kosher salt|Salt,499.6666800899907,32.9374907993314,11.25408634399687,38.70454143731413
Cook the Book: Chile Verde,https://www.edamam.com/web-img/a13/a13a727b3ecb27e2dcc7002f1f82520e.jpg,Bell pepper|Black pepper|Chili pepper|Coriander|Onion|Tomato|Capsicum|Oregano|Tomatillo|Pork|Salvia officinalis|Cumin|Salt|Kosher salt|Clove|Garlic,344.3014146035807,13.009572026929252,8.89627261544008,49.664441112190715
Chile Verde,https://www.edamam.com/web-img/3c0/3c02fea8c94782ceb664c8505908441c.jpg,Pork|Cumin|Chili pepper|Jalapeño|Tomatillo|Broth|Chicken as food|Oregano|Tomato|Coriander|Black pepper|Cream|Sour cream|Onion|Garlic|Clove|Salt|Fat|Kosher salt,494.69146514396317,34.07748941003196,12.82294153382849,34.121328986155184
Slow Cooker Chicken Verde,https://www.edamam.com/web-img/648/648a757413fbf413cd5cda67a6df17a9.jpg,Salt|Tomatillo|Corn starch|Clove|Garlic|Cooking spray|Chili pepper|Poblano|Chicken as food|Coriander|Onion|Canola oil|Oil|Lime (fruit)|Oregano|Stock (food)|Black pepper,875.5871384225572,63.58978834832198,15.996440215650507,58.68167941988181
Chicken Wings with a Honey-Teriyaki Glaze Recipe,https://www.edamam.com/web-img/874/874f56d9e9b82ff3a0c0a26f5672291c.jpg,Seed|Honey|Chili pepper|Scallion|Garnish (food)|Buffalo wing|Chicken as food|Black pepper|Sesame,978.9102172461003,59.776379625786014,22.150014961845002,85.449731565729
Baked Teriyaki Chicken,https://www.edamam.com/web-img/09d/09db1d957c7e7828ba9c124701fe7930.jpg,Black pepper|Corn starch|Ginger|Clove|Sugar|Garlic|Soy sauce|Chicken as food|Cider|Vinegar|Water,551.4817916665808,16.036975833333322,19.354519583312758,77.67604374999995
Baked Teriyaki Chicken,https://www.edamam.com/web-img/e6e/e6ed57e436a0a1286b477534cd56ba24.jpg,Garlic|Clove|Ginger|Corn starch|Sugar|Cider|Vinegar|Soy sauce|Chicken as food|Black pepper,551.4817916665808,16.036975833333322,19.35451958331276,77.67604374999995
Baked Teriyaki Chicken Recipe,https://www.edamam.com/web-img/5bd/5bdb2fdbb1bdfeb5ab91288962121d42.JPG,Black pepper|Chicken as food|Soy sauce|Cider|Sugar|Vinegar|Water|Garlic|Clove|Ginger|Corn starch,552.3317916665808,15.979600833333322,19.49476958331276,77.86941874999995
Baked Teriyaki Chicken,https://www.edamam.com/web-img/7ec/7ec310c107c1218df059984288b9c87a.jpg,Chicken as food|Maize|Ginger|Water|Black pepper|Soy sauce|Sugar|Starch|Corn starch|Onion|Garnish (food)|Clove|Garlic|Cider|Vinegar|Scallion,226.32790624993558,3.661146874999992,14.475603437484569,31.936281562499957
Grilled Pork Tenderloin and Peaches,https://www.edamam.com/web-img/a48/a48e78c5b2969a1148fe56b2815a2b9c.jpg,Olive|Pork tenderloin|Pork|Kosher salt|Salt|Peach|Olive oil,398.9932288666815,14.341883333335007,12.436540000000003,53.427054999999996
Dinner Tonight: Soy-Marinated Grilled Pork Tenderloin Recipe,https://www.edamam.com/web-img/8e5/8e5be89acf07e5f2e72dd18c56e67b34.jpg,Cumin|Garlic|Sugar|Brown sugar|Coriander|Soy sauce|Beef tenderloin|Pork tenderloin|Pork,267.43786924975484,7.23120403918741,5.1629979686877014,43.15010880218628
“7-6-5” Grilled Pork Tenderloin,https://www.edamam.com/web-img/620/620d40f1eea73bca67e2d7a0a5c831c7.jpg,Salt|Chutney|Fruit|Glaze (cooking technique)|Orange (fruit)|Pork|Pork tenderloin|Chili pepper|Balsamic vinegar|Mango|Beef tenderloin|Black pepper|Sugar|Salsa (sauce)|Kosher salt,403.70579875,9.016610175,25.8444081875,52.27858963749999
Grilled Pork Tenderloin with Molasses and Mustard,https://www.edamam.com/web-img/c4b/c4b6d8544fe5e71757e824a1c6079342.jpg,Pork|Mustard (condiment)|Molasses|Vinegar|Cider|Apple cider|Dijon mustard|Pork tenderloin|Apple,621.1279885,15.054459328375,33.4368675,83.080471354375
Grilled Pork Tenderloin With Lemon Zest-Thyme Marinade,https://www.edamam.com/web-img/e7e/e7e90ebb99c501347accf57b1b3bfbda.jpg,Brown sugar|Sugar|Pork tenderloin|Pork|Salt|Beef tenderloin|Black pepper|Clove|Garlic|Olive|Lemon|Olive oil|Oil|Shallot|Thyme|Wine|Zest (ingredient)|Coriander,447.42212499970896,31.724435277777776,12.137418541591522,27.21932319444435
BBQ Pork Sandwiches,https://www.edamam.com/web-img/3b1/3b125b249bcc90f4ccebe07080cac455.jpg,Pork|Worcestershire sauce|Molasses|Ginger|Garlic|Clove|Ketchup|Lemon,373.08500000000004,8.683566666666666,32.46136666666667,39.450799999999994
BBQ Pork Sandwiches,https://www.edamam.com/web-img/0b1/0b162206249d62f9e1f8b96071335a5c.jpg,Pork loin|Vinegar|Cider|Salt|Black pepper|Worcestershire sauce|Seasoning|Pork|Onion|Brown sugar|Sugar|Tomato|Tomato paste|Hamburger|Mustard (condiment)|Molasses|Whole grain|Wheat,409.82159124606255,12.050894644300627,48.76360038564063,27.77012532593
Slow-Cooker BBQ Pork Sandwiches,https://www.edamam.com/web-img/3b7/3b7cd5d9de8ca029bbed8e4fb23972fc.jpeg,Onion|Kaiser roll|Boston butt|Pork|Cheese|American cheese|Barbecue sauce,553.6344983,28.14740434075,43.4519625,29.9155922915
Grilling: South Carolina Mustard Sauce Recipe,https://www.edamam.com/web-img/bf8/bf8a441ec23b64219dc5a0e5113f676a.jpg,Mustard (condiment)|Worcestershire sauce|Honey|Ketchup|Apple|Brown sugar|Sugar|Vinegar|Cider|Apple cider|Hot sauce,176.58737499996778,1.5722099999999999,42.77696197915737,1.9703487499999541
Barbecue Pork Sandwiches with Cabbage Slaw recipes,https://www.edamam.com/web-img/e64/e648d4fb00419f3bcf4ba05495a0d7ec,Sugar|Mayonnaise|Vinegar|Cabbage|Black pepper|Mustard (condiment)|Dijon mustard|Sandwich|Potato|Pork|Pork tenderloin|Salt,384.0297956629438,15.972011935456,16.45077967626844,42.04358491726681
Barbeque Halibut Steaks,https://www.edamam.com/web-img/b2d/b2d65e043c0d73797c0b892deaae66c8.jpg,Brown sugar|Steak|Halibut|Sugar|Butter|Lemon|Black pepper|Clove|Soy sauce|Garlic|Juice,235.26551889961183,9.743176173666667,7.334485833233139,28.620939623999877
Barbeque Halibut Steaks Recipe,https://www.edamam.com/web-img/e2a/e2ad72e93e1426fe754fa896138a0cc9.jpg,Butter|Brown sugar|Sugar|Clove|Garlic|Lemon|Juice|Soy sauce|Black pepper|Halibut|Steak,235.26551889961186,9.743176173666667,7.334485833233139,28.620939623999877
Cedar Planked Halibut,https://www.edamam.com/web-img/94c/94c10ff58f65728183dcca26833a9de0.jpg,Butter|Black pepper|Paprika|Tarragon|Dill|Lemon|Juice|Halibut|Steak|Garlic|Clove|Herbes de Provence,587.3460699999999,28.6592232,2.9140915,76.5546973
Veggie Pot Pie,https://www.edamam.com/web-img/36d/36d7eb1551eb9b70e22d6726048eec93.jpg,Onion|Milk|Salt|Parsley|Soy milk|Soybean|Bread|Whole grain|Broccoli|Black pepper|Carrot|Bread crumbs|Flour|Olive oil|Olive|Oil|Rice milk|Rice|Cereal|Potato,207.7486493748394,3.9479792541662313,38.404068677049644,5.816822735412106
Veggie Pot Pie,https://www.edamam.com/web-img/8b1/8b1593a14feea36bdd9834c232db13b7.jpg,Milk|Parsley|Carrot|Black pepper|Oil|Salt|Shortening|Baking powder|Potato|Flour|Vegetable|Broth|Cream|Onion|Pea|Chives|Celery|Vinegar|Clove|Garlic,269.53856318558735,12.845418287864069,33.59488126554353,5.85189504250305
Slow Cooker Veggie Pot Pie recipes,https://www.edamam.com/web-img/347/347b72b60f9b0f0cff51055c4f4cbd8e,Maize|Corn kernel|Apple cider|Cider|Vinegar|Apple|Pea|Chives|Vegetable|Potato|Kosher salt|Salt|Seed|Onion|Bay leaf|Mushroom|Clove|Garlic|Biscuit|Cooking spray|Black pepper|Agaricus bisporus|Broth|Celery|Carrot|Corn starch|Thyme|Cream,384.0676083767224,17.600189722177287,50.42761611009109,8.3245402709819
Veggie Pot Pie with Cornmeal Pie Crust,https://www.edamam.com/web-img/043/043a589cbc8109d4672e8a627371cdd0.jpeg,Butter|Broth|Vinegar|Rosemary|Celery|Thyme|Potato|Black pepper|Mushroom|Ice|Cornmeal|Flour|Shiitake|Salt|Yolk|Yam (vegetable)|Sherry|Parsnip|Kosher salt|Oil|Vegetable|Vegetable oil|Pea|Water,1031.8656679515648,54.26391266608898,124.39687518146617,15.194938926256444
Cook the Book: Lemony Chicken Pot Pie with Parsley Biscuit Crust,https://www.edamam.com/web-img/a5c/a5c92d359c12141c9113642aa5b952d4.jpg,Juice|Flour|Cheese|Parmigiano-Reggiano|Wine|White wine|Fennel|Black pepper|Garlic|Butter|Parsley|Chicken as food|Baking powder|Zest (ingredient)|Milk|Biscuit|Salt|Clove|Olive|Olive oil|Broth|Onion|Lemon|Potato|Yukon Gold potato|Oil,653.6665777854606,23.929854118514058,55.28316568054846,47.609074223119705
Easy Slow Cooker Barbecued Ribs,https://www.edamam.com/web-img/0bf/0bf28ca2df5945f629f8f7c6d1b7b4a8.jpg,Paprika|Cayenne pepper|Black pepper|Barbecue sauce|Vegetable|Vegetable oil|Pork ribs|Brown sugar|Sugar|Pork|Salt,1359.203681224013,83.71967608633263,63.87779291661658,88.28554245899994
Slow Cooker Barbecue Ribs,https://www.edamam.com/web-img/306/30657f60d7110a41d7e9703ca7e9f34e.jpg,Soft drink|Onion|Salt|Cola|Barbecue sauce|Pork loin|Brown sugar|Sugar|Pork|Black pepper,1137.6709202000002,65.52767226837501,60.01351875,76.92367058912501
Slow-Cooker Barbecue Ribs,https://www.edamam.com/web-img/660/6601b9969039999749bafe5bb0daa6f5.jpeg,Vinegar|Apple cider|Apple|Oil|Black pepper|Chili pepper|Pork ribs|Tomato paste|Tomato|Cider|Garlic|Brown sugar|Sugar|Paprika|Salt|Kosher salt|Worcestershire sauce|Mustard seed|Mustard (condiment)|Chili powder|Seed,632.1796261833891,41.72856758688789,20.48073534246657,45.3104703469726
Slow-Cooker Sweet-and-Sour Country Ribs,https://www.edamam.com/web-img/a8e/a8e7f74d41b034a36771644f52c5d143.jpg,Sugar|Vinegar|Cider|Pork|Black pepper|Pork ribs|Mustard (condiment)|Salt|Ketchup|Barbecue sauce|Cayenne pepper,505.58343379805007,27.153669141393006,18.541860849672496,44.338363723614506
Slow cooker ribs,https://www.edamam.com/web-img/d90/d909f7cf207b13628db8bc6dc354858e.jpg,Pork|Black pepper|Pork ribs|Seed|Coriander|Bay leaf|Mustard seed|Mustard (condiment)|Barbecue sauce,1551.074297988061,96.84713561181675,93.48557995042589,71.703231391571
Baked Ziti Iii,https://www.edamam.com/web-img/8df/8dfeba825ab1ac3b4926da0d63e8eb3b.jpg,Pasta|Provolone|Cheese|Ground beef|Beef|Parmigiano-Reggiano|Onion|Mozzarella|Basil|Sour cream|Cream|Spaghetti,666.9651295859376,30.715276234531252,61.209058736109384,35.17597282121875
"Mustard, Sage & Maple Glazed Pork Roast With Garlic-Roasted Potatoes",https://www.edamam.com/web-img/b88/b88bc0caaec0ef01fd82f4f590ff26fd.jpg,Pork loin|Olive|Salt|Garlic|Clove|Butter|Mustard (condiment)|Parsley|Kosher salt|Pork|Black pepper|Olive oil|Potato|Salvia officinalis,908.5520593541252,55.765027617668345,30.86890709142917,68.2207360571271
Maple-mustard pulled pork,https://www.edamam.com/web-img/93e/93e30ebb39d62968f2fe95aac17a8d50.jpg,Salt|Sugar|Mustard (condiment)|Pork|Muscovado|Maple syrup|Syrup|Sea salt,1058.5298429016864,61.29768760477217,66.42803595434249,58.44655618095924
Pomegranate-Glazed Roast Pork,https://www.edamam.com/web-img/e41/e415ce8b8a7ba60d5b497802ea757102.jpg,Rosemary|Pomegranate|Kosher salt|Oil|Canola oil|Maple syrup|Syrup|Mustard (condiment)|Black pepper|Pork|Salt|Molasses|Clove|Garlic|Pomegranate juice,343.36444265202505,27.691456300522187,7.150783999552161,15.53013685646725
Fruit-Stuffed Roast Pork Loin with Mustard-Maple Glaze,https://www.edamam.com/web-img/1bf/1bf92e6e210f7b75837db043fb79f401.jpg,Pear|Peach|Black pepper|Sugar|Garlic|Vinegar|Mustard seed|Mustard (condiment)|Paprika|Cider|Pork loin|Pork|Brown sugar|Seed|Clove|Apricot|Allspice|Maple syrup|Syrup|Salt|Brandy|Cranberry,1108.237593749828,79.48555093749992,39.08350437495649,46.75019249999881
Easy Pan-Roasted Pork Tenderloin With Bourbon-Soaked Figs Recipe,https://www.edamam.com/web-img/757/7572d6596750bb796ae049be52547c1f.jpg,Salt|Shallot|Ficus|Pork tenderloin|Beef tenderloin|Pork|Vegetable oil|Black pepper|Kosher salt|Gelatin|Cayenne pepper|Whisky|Rye whiskey|Bourbon whiskey|Rye|Syrup|Maple syrup|Brandy|Oil|Butter|Whole grain|Grain|Stock (food)|Chicken as food|Mustard (condiment)|Corn starch|Vegetable,662.4168806153666,18.334014243912,68.500162245615,33.76902569382633
Wild Rice Salad,https://www.edamam.com/web-img/74b/74b6f9ee341d0f8eb2e244b289d46939.jpg,Wild rice|Rice|Basmati|Cereal|Chicken as food|Broth|Celery|Scallion|Onion|Pea|Pine nut|Nut (fruit)|Dried cranberry|Cranberry|Salt|Black pepper|Olive|Olive oil|Oil|Red wine|Wine|Vinegar|Sugar|Sesame|Sesame oil,335.16280264545446,14.487213851454545,44.32863538136364,8.807672781727273
Cranberry BBQ Meatballs,https://www.edamam.com/web-img/1db/1dbf3d28e8ebc10113f05a418177d43b.jpg,Olive|Olive oil|Salvia officinalis|Butter|Beef|Ground beef|Salt|Soy sauce|Chili pepper|Black pepper|Cranberry|Cider|Vinegar|Oil|Celery|Garlic|Clove|Chipotle|Adobo|Onion|Bread crumbs|Egg as food|Chicken as food|Stock (food)|Kosher salt|Brown sugar|Sugar,774.2672262189632,34.51410333166488,93.86217755860359,21.28987443616344
Cranberry Bbq Chicken,https://www.edamam.com/web-img/bd8/bd823ea18eb63a1e5f4e2692c5e06107.jpg,Butter|Celery|Salt|Cranberry sauce|Cranberry|Chicken as food|Onion|Black pepper|Barbecue sauce,619.5751682100001,28.37514842448,61.321846886,29.740576926800003
Slow Cooker Cranberry BBQ Chicken recipes,https://www.edamam.com/web-img/993/993c1434221d4e0d12d2729b4072d1d4,Chicken as food|Cranberry|Cranberry sauce|Onion,784.9327769750001,31.6712178075,50.4561829825,71.88660304375
Slow Cooker BBQ Cranberry Chicken recipes,https://www.edamam.com/web-img/38a/38aaf75acb7f339b498d68d53fb4bd22,Chicken as food|Onion|Cranberry|Cranberry sauce,424.9285032000001,4.097408528200001,65.222215,31.470274975000002
crispy tortellini with peas and prosciutto,https://www.edamam.com/web-img/274/274a37a9bee8cfc5594d8f3e62591dbd.jpg,Mentha|Water|Oil|Olive oil|Olive|Pea|Crème fraîche|Cream|Prosciutto|Parmigiano-Reggiano|Lemon|Juice|Mascarpone|Cheese|Tortellini|Black pepper|Salt,219.840557,8.728799986666667,27.73457681666667,8.100953896666669
10-Minute Tortellini,https://www.edamam.com/web-img/d08/d08ed57eef375a8fbc91d466988ee242.jpg,Parsley|Parmigiano-Reggiano|Cherry|Ricotta|Tortellini|Olive oil|Olive|Spinach|Tomato,556.4984,21.689541,65.563394,26.173025000000003
"Tortellini, Chicken and Spinach Salad with Tomato-Balsamic Vinaigrette Recipe",https://www.edamam.com/web-img/007/0078516bb362a76eaf23351d1f3681dc.jpg,Chicken as food|Tomato|Sun-dried tomato|Oregano|Artichoke|Cheese|Feta|Tortellini|Black pepper|Olive|Olive oil|Salt|Garlic|Vinegar|Balsamic vinegar|Tomato paste|Spinach|Clove|Vinaigrette,730.5791706745173,43.73060899859945,45.578011440924826,43.716827620129074
Tomato and Sausage Tortellini,https://www.edamam.com/web-img/538/538f28221edb113aa52b734517cfb3ae.jpg,Cream|Parmigiano-Reggiano|Tomato|Cream cheese|Cheese|Mushroom|Olive|Olive oil|Oil|Spinach|Garlic|Chicken as food|Salt|Onion|Black pepper|Kosher salt|Tortellini|Tomato sauce,503.07412671770834,22.783956365140625,52.555467037369795,24.204046216619787
Tortellini with Spinach and Brown Butter,https://www.edamam.com/web-img/fd7/fd7732605a15de542198606afe465e5c.jpg,Spinach|Tortellini|Cheese|Butter|Black pepper|Pea|Tomato|Beefsteak|Lemon|Juice|Salt|Zest (ingredient)|Kosher salt,493.698762819873,20.11364011869666,61.242517134215824,18.81441207334916
Kung Wow Chicken,https://www.edamam.com/web-img/d9e/d9e92dfa2abf1a6dee0893d54ceadcae.jpg,Sesame|Onion|Sugar|Scallion|Vinegar|Black pepper|Rice|Sambal|Gochujang|Chili pepper|Chicken as food|Bell pepper|Corn starch|White wine|Wine|Oil|White rice|Soy sauce|Clove|Garlic|Brown sugar|Sesame oil|Zucchini|Peanut|Water|Broth|Ketchup|Peanut oil|Salt,672.4818903429796,26.41101431124439,71.938835653876,33.49851660584933
Kung Wow Chicken Recipe,https://www.edamam.com/web-img/0bb/0bb409cc032845de0476e262d90fc364.jpg,Salt|Oil|Sesame oil|Sesame|Water|Ketchup|Sambal|Gochujang|Chili pepper|Vinegar|Chicken as food|Wine|White wine|Zucchini|Corn starch|Black pepper|Onion|Sugar|Soy sauce|Scallion|Rice|Clove|Garlic|White rice|Peanut|Peanut oil|Bell pepper|Brown sugar|Broth,672.4818903429796,26.41101431124439,71.938835653876,33.49851660584933
Kung Wow Chicken Lettuce Cups recipes,https://www.edamam.com/web-img/0b2/0b26a0d87f06d667bced2d4a2af5252a,Vinegar|Sweet chili sauce|Chili pepper|Onion|Scallion|Chicken as food|Balsamic vinegar|Black pepper|Lettuce|Ginger|Garlic|Clove|Butter|Salt|Soy sauce|Peanut|Crushed red pepper|Brown sugar|Sugar|Fish sauce|Oil|Olive|Olive oil|Quinoa,410.51545681565074,20.01529800864864,31.917893908523485,26.846105502556213
Dinner Tonight: Asparagus and Shiitake Risotto Recipe,https://www.edamam.com/web-img/04b/04b81239ddfa0cc62554d70501f16616.jpg,Wine|Shiitake|Arborio rice|Water|Olive oil|Oil|Asparagus|Olive|Mushroom|Parmigiano-Reggiano|Chicken as food|Broth|Onion|Rice|Butter,645.3855724124999,23.104137862531246,82.961083671875,22.235191997593752
egg salad with pickled celery and coarse dijon,https://www.edamam.com/web-img/737/7377124f796b148161523085eef6940b.jpg,Yogurt|Mayonnaise|Kosher salt|Sugar|Salt|Whole grain|Vinegar|Wine|White wine|Water|Celery|Egg as food|Shallot|Black pepper|Dill|Parsley|Red onion|Onion|Garnish (food),88.40132472920205,5.056309137916772,2.9959971072999605,6.692778571459328
Wild Mushroom Risotto Recipe,https://www.edamam.com/web-img/03e/03e68e7928c17af8808dd3d39c913ccc.jpg,Mushroom|Water|Olive oil|Wine|Butter|Cheese|Parmigiano-Reggiano|Carnaroli|Rice|Agaricus bisporus|Chives|Oil|Chicken as food|Broth|Shallot,1355.3700687875,65.40678108367361,146.2146489530417,39.621548172340276
Gourmet Mushroom Risotto,https://www.edamam.com/web-img/415/41586dff1881ced975cbb8029226f651.jpg,Arborio rice|Rice|Chives|Broth|Chicken as food|Mushroom|Oil|Olive oil|Olive|Butter|Cheese|Parmigiano-Reggiano|Wine|White wine|Agaricus bisporus|Shallot,480.89832935555563,19.742248262537036,57.5101526635,16.108732021481483
Gourmet Mushroom Risotto,https://www.edamam.com/web-img/2dd/2dd0fed57ba1236ed4014d54f5df05e8.jpg,Agaricus bisporus|Oyster|Broth|Chicken as food|Oil|Rice|Arborio rice|Mushroom|Chives|Shallot|Cheese|Parmigiano-Reggiano|Butter|Olive oil|Olive|Wine|White wine,307.52834182215287,13.654364408568993,33.39106626020219,11.84326620502449
Linguine With Seafood And Sundried Tomatoes,https://www.edamam.com/web-img/3f0/3f051480997bf53cf131494f86dee5f7.jpg,Garlic|Clove|Black pepper|Capsicum|Tomato|Sun-dried tomato|Butter|Salt|Olive|Parsley|Crushed red pepper|Zest (ingredient)|Lemon|Oil|Olive oil|Scallop|Pasta|Linguine|Juice|Clam,527.6384975812501,26.814849417124996,46.665723201500015,24.452905727750004
Sundried Tomato Seafood Linguine,https://www.edamam.com/web-img/9c2/9c2ee9eb98171b9fa3b52973cd8cb5cc.jpg,Black pepper|Oil|Olive|Scallop|Mustard (condiment)|Dijon mustard|Wine|Linguine|Salt|Tomato|Capsicum|Oregano|Olive oil|Tarragon|Cream|Al dente|Garlic|Clove|Dill|Basil|Herb,275.15059154518747,14.752754392659465,22.43061854345044,11.969432187065092
charred eggplant and walnut pesto pasta salad,https://www.edamam.com/web-img/fdb/fdbc6c69915c2900225a6f90e80bbd59.jpg,Parsley|Basil|Capsicum|Black pepper|Wine|Vinegar|Garlic|Clove|Ricotta|Eggplant|Oil|Sherry|Sun-dried tomato|Tomato|Olive oil|Pasta|Salt|Olive|Walnut|Thyme|Parmigiano-Reggiano|Cheese,206.36129559098447,18.57831598074805,7.45820486601619,5.151876013651317
Crunchy Eggplant Parmesan,https://www.edamam.com/web-img/d1c/d1cd71bac6ec18afebef0c43c8e09454.jpg,Egg as food|Eggplant|Onion|Cooking spray|Herb|Seasoning|Bread crumbs|Salt|Olive|Cheese|Bread|Parmigiano-Reggiano|Olive oil|Oil|Clove|Garlic|Pasta,381.2406338666667,22.673548654,29.985853354,15.785169749333335
"Eggplant, Zucchini and Tomato Casserole",https://www.edamam.com/web-img/502/5029f539a78a0fbb983a397983620781.jpg,Parmigiano-Reggiano|Bread|Bread crumbs|Onion|Basil|Salt|Black pepper|Eggplant|Zucchini|Olive|Olive oil|Tomato|Feta,179.01513967321952,10.975123126531406,13.571741517079623,8.335641095084643
Crunchy Eggplant Strips recipes,https://www.edamam.com/web-img/224/224a33721d7af53455c6939811d3c414,Oregano|Bread crumbs|Oil|Olive oil|Olive|Pecorino Romano|Pecorino|Garlic|Clove|Parmigiano-Reggiano|Cheese|Black pepper|Parsley|Salt|Eggplant,142.3178274997296,8.533755149981205,14.270312374997337,3.7782589749778
Really? Eggplant Parmesan?,https://www.edamam.com/web-img/a21/a2105fb144647cb45218edf1c4fce39a.jpg,Spaghetti|Tomato sauce|Seasoning|Eggplant|Fat|Cheese|Mozzarella|Basil|Garlic|Egg as food|Clove|Egg white|Parmigiano-Reggiano|Bread|Bread crumbs,314.01500000000004,10.8686375,38.90815,16.4346625
Shepherd's Pie From 'My Irish Table',https://www.edamam.com/web-img/bbc/bbc1cc2186d1b32eb2c4195ce55a95e1.jpg,Potato|Beef|Thyme|Lamb and mutton|Cream|Rosemary|Black pepper|Kosher salt|Salt|Onion|Oregano|Canola oil|Oil|Celery|Flour|Broth|Carrot|Yolk|Mashed potato|Butter|Bay leaf,878.1678249290298,55.43384817876913,66.06201855803174,31.97316521507651
Irish Ice Cream Soda Recipe,https://www.edamam.com/web-img/d8f/d8f1a8b74c651b8c2b848d55d8fdde1c.gif,Irish cream|Cream|Baileys Irish Cream|Guinness|Stout|Garnish (food)|Liqueur|Chocolate|Ice cream,200.4553690875,5.52126214234375,21.15534263125,2.53953421903125
Shepherd's Pie with Ground Beef and Vegetables,https://www.edamam.com/web-img/06c/06c706202270a48097e41b42719ba8d0.jpg,Tomato|Tomato paste|Oil|Potato|Chicken as food|Flour|Ground beef|Kosher salt|Beef|Salt|Olive oil|Olive|Parsnip|Chives|Worcestershire sauce|Butter|Cream|Carrot|Black pepper|Onion|Water,829.013461333874,65.63958147476406,37.559592185460765,24.340517148078046
Piccalilli From 'My Irish Table',https://www.edamam.com/web-img/86d/86d66aa7cf7d3ca65c6dd908b0e5e6bf.jpg,Beetroot|Turmeric|Radish|Flour|Mustard (condiment)|Kosher salt|Salt|Onion|Cauliflower|Water|Dijon mustard|Vinegar|Sugar,274.24442977574375,1.5851697168202477,57.15834052678506,7.465818859585577
Irish Cottage Pie | Shepherd's Pie,https://www.edamam.com/web-img/76f/76f2f1963f3c8698cabaf86594487298.jpg,Thyme|Vinegar|Balsamic vinegar|Black pepper|Garlic|Meat|Ground meat|Red wine|Leek|Parsley|Wine|Potato|Sea salt|Salt|Tomato|Pea|Basil|Olive oil|Olive|Rosemary|Carrot|Cinnamon,711.0533336855773,23.91459766189292,90.64371340680243,31.696881127833727
Eating for Two: Julia Child's Cooked Egg Mayonnaise,https://www.edamam.com/web-img/29a/29a2a01e9799f53a9dd3772de8d3f935.jpg,Water|Vinegar|Wine|Black pepper|Vegetable|Salt|Juice|Lemon|Yolk|Olive|Dijon mustard|Boiled egg|Seasoning|Oil|Vegetable oil|Flour|Olive oil|Mustard (condiment),589.5320466748633,59.59353742316954,12.234096641634224,4.696963377772518
kale and caramelized onion stuffing,https://www.edamam.com/web-img/c48/c481793ba44d5be9896007933694d6a9.jpg,Salt|Kosher salt|Garlic|Clove|Honey|Onion|Black pepper|Capsicum|Chicken as food|Vegetable|Broth|Sherry|Vinegar|Butter|Sugar|Sourdough|White bread|Bread|Kale|Oil|Olive oil|Olive,421.04472452178027,21.407720003250002,46.37869993999273,12.090478876999878
"bacon, egg and leek risotto",https://www.edamam.com/web-img/46e/46e3e4b0ca8de365f451b349359ffd17.jpg,Garnish (food)|Black pepper|Leek|Salt|Olive|Parmigiano-Reggiano|Cheese|Butter|Onion|Egg as food|Bacon|Wine|White wine|Carnaroli|Broth|Vegetable|Olive oil|Oil|Stock (food)|Rice|Chicken as food|Pancetta|Vermouth,276.2960849391203,9.407103456813678,35.87973654583262,10.377323959592697
Shrimp Boil,https://www.edamam.com/web-img/fec/fec083b703679c301b5181c0d2eb3681.jpg,Artichoke|Spice|Seasoning|Andouille|Kielbasa|Maize|Scallion|Onion|Celery|Potato|Lemon|Kosher salt|Salt|Asparagus|Garlic,1178.8152441423135,38.40486069874669,144.15437032915284,73.08370895920285
Arugula-Stuffed Leg of Lamb with Roasted Spring Vegetables,https://www.edamam.com/web-img/a7b/a7bd20b1bfbc735bf20c5f01cf38797b.jpg,Water|Fat|Potato|Corn starch|Black pepper|Olive|Olive oil|Garlic|Clove|Lamb and mutton|Wine|Oil|Zest (ingredient)|Lemon|Spinach|Salt|Stock (food)|Chicken as food|Red onion|Onion|Oregano|Carrot|Asparagus|Eruca sativa|Broth,802.9025152899019,48.915240857074025,31.964644210454733,55.18551877595557
Chef John's Salmon Cakes,https://www.edamam.com/web-img/910/910cc821f55e932dbabc2d5d9f747fd1.jpg,Egg as food|Cracker (food)|Saltine cracker|Bread|Oil|Olive oil|Olive|Bread crumbs|Salmon|Butter|Lemon|Black pepper|Cayenne pepper|Salt|Caper,302.6608251026217,15.276001211748488,9.128201249979464,32.544204447546974
Chef John's Fresh Salmon Cakes,https://www.edamam.com/web-img/b3d/b3d84c9f144289ec28a076b61acb9a7c.jpg,Black pepper|Celery|Onion|Olive oil|Oil|Olive|Mayonnaise|Bread crumbs|Bread|Clove|Garlic|Bell pepper|Salmon|Celery salt|Salt|Caper|Dijon mustard|Mustard (condiment)|Cayenne pepper|Seasoning|Old Bay Seasoning,424.2272978374136,29.936144754622845,5.7414635453875995,31.543452128876485
Asian-Inspired Salmon Patties,https://www.edamam.com/web-img/429/4298f59e909d050bccf39ebbcfefd38b.jpg,Caper|Garlic salt|Salt|Clove|Garlic|Black pepper|Chili pepper|Bread crumbs|Sambal|Ginger|Cooking spray|Bell pepper|Olive oil|Oil|Olive|Sesame oil|Vinegar|Rice|Egg as food|Soy sauce|Honey|Bread|Mayonnaise|Salmon|Lime (fruit)|Juice|Sesame|Shallot,341.73525182429427,20.20386653380021,19.769231263496117,19.287032203222772
Chef John's Salmon Mango Bango,https://www.edamam.com/web-img/04d/04dcca02cadfca07ba18c3ccc8ea6a92.jpg,Bell pepper|Vegetable oil|Vegetable|Mango|Lime (fruit)|Chili pepper|Poblano|Salmon|Salt|Sea salt|Coriander|Oil|Juice,1025.873333336058,58.488646666982085,40.34517999997808,82.44337999999891
Kathy's Roast And Vegetables,https://www.edamam.com/web-img/348/348236c69b56cb1d8238b7144d75be09.jpg,Vegetable|Vegetable oil|Cream of mushroom soup|Mushroom|Oil|Cream|Potato|Carrot|Onion,469.26783215979697,26.18892505840781,19.655754688273436,37.15551176352015
Kathy's Veggie Pasta Stew,https://www.edamam.com/web-img/06d/06df9b1b0236a28e8dc58ac1fbe5fb3e.jpg,Broth|Herb|Black pepper|Oil|Olive oil|Olive|Bean|Leaf vegetable|Tomato|Potato|Shiitake|Edible mushroom|Garlic|Onion|Cider|Apple|Apple cider|Cayenne pepper|Garlic powder|Water|Salsa (sauce)|Nutritional yeast|Yeast|Salt|Vegetable|Vinegar|Cheese|Vegan cheese|Pasta|Fusilli|Kale|Spinach|Chard|Bay leaf,264.4045617232275,7.765671866292805,38.41180041351901,13.76766321184237
Cook the Book: Grilled Wild Salmon Sushi Rolls,https://www.edamam.com/web-img/2f2/2f25525d1b10626098b40a317973974a.jpg,Soy sauce|Cucumber|Wasabi|Rice|Sugar|Sushi|Salmon|Water|Vegetable oil|Clover|Nori|Eruca sativa|Steak|Fillet (cut)|Vegetable|Vinegar|Tuna,278.4398506999925,3.102706874999148,49.48102062500001,12.379205
Smoked Salmon and Gruyere Grilled Cheese Sandwich,https://www.edamam.com/web-img/c54/c549f660b961a58df316adf6a0b34c1e.jpg,Seed|Salt|Butter|Chives|Salmon|Baguette|Bread|Lemon|Meyer lemon|Cheese|Gruyère cheese,143.54151997362,7.8978301258979355,7.458053698311601,10.598292387039335
Corn Husk-Smoked Salmon with Grilled Corn Salsa,https://www.edamam.com/web-img/a6a/a6aa4fcbbc63ee10aa5c377f096c1b0e.jpg,Salt|Kosher salt|Salmon|Lemon|Jalapeño|Juice|Lime (fruit)|Basil|Orange (fruit)|Tomato|Ginger|Black pepper|Marmalade|Soy sauce|Maize|Scallion|Onion|Cherry,585.1238147999676,31.19523802699991,27.74507249998904,49.612923476999455
"Grilled Salmon with Orzo, Feta, and Red Wine Vinaigrette",https://www.edamam.com/web-img/c0a/c0a9e7fa6caf6aa87ceb0be583d19860.jpg,Nut (fruit)|Pine nut|Cheese|Feta|Salmon|Grape|Olive oil|Kosher salt|Salt|Spinach|Black pepper|Olive|Toast|Garnish (food)|Chives|Orzo|Red wine|Wine|Vinegar|Tomato|Shallot|Basil|Garlic|Clove,860.4078966712513,60.169260715919876,38.988155472030314,41.95112140002982
Meat Lite: Salmon and Asparagus Casarecce Recipe,https://www.edamam.com/web-img/f66/f66a0cfcf8d1f93f48c2627dc407d64a.jpg,Pasta|Onion|Egg as food|Parmigiano-Reggiano|Milk|Olive oil|Oil|Salt|Salmon|Black pepper|Olive|Asparagus|Cream,480.54535753235837,15.547792025363167,59.10120839008626,24.41686418022392
homemade dulce de leche,https://www.edamam.com/web-img/5af/5afb582eab5b87ec1a2cd39894251a71.jpg,Sodium bicarbonate|Salt|Sea salt|Vanilla|Bean|Milk|Water|Sugar|Brown sugar,228.2266666666667,5.286666666666666,41.13466666666667,5.124
Apple-Pear Sauce Recipe,https://www.edamam.com/web-img/818/818951f177e2a0684bcaa0a7bdb7924f.jpg,Salt|Cinnamon|Sugar|Pear|Apple|Agave nectar|Water,335.99160998,0.8469058082000002,89.2414685488,1.6977376164
Kinoko Gohan (Japanese Mushroom Rice),https://www.edamam.com/web-img/b8f/b8fc47d45f321823e194906cce6d5338.jpg,Sake|Oyster|Grifola frondosa|Soy sauce|Mirin|Shiitake|Mushroom|Kosher salt|Sesame oil|Salt|Kombu|Sesame|Rice,290.29686011666666,1.3082178381666667,56.77490927183333,6.83680035275
Persian Cucumber Yogurt Sauce,https://www.edamam.com/web-img/c80/c8055212227b644c41e1cd809952b71c.jpg,Cucumber|Yogurt|Clove|Garlic|Mentha|Kosher salt|Salt|Garnish (food),118.57875000000001,6.015512500000001,10.0675,6.6654375
Boiling Bacon with Parsley Sauce From 'My Irish Table',https://www.edamam.com/web-img/113/113ff8100537f05e08f45d2b3531cfa7.jpg,Water|Brine|Salt|Kosher salt|Sugar|Ice|Ice cube|Onion|Parsley|Garlic|Black pepper|Seed|Mustard (condiment)|Mustard seed|Salvia officinalis|Pork|Pork belly|Butter|Cheese|Flour|Milk|Nutmeg,213.1636914519626,8.517758547381003,27.119682743494224,7.153020499641865
Grandmas Bogie's Parmesan Chicken,https://www.edamam.com/web-img/52e/52e27d8fafe36f9649e4e9b244a1c008.jpg,Black pepper|Parmigiano-Reggiano|Cheese|Bread crumbs|Bread|Oregano|Parsley|Paprika|Salt|Margarine|Chicken as food,432.474125,15.474102083333333,3.8614091666666677,65.23910791666667
Grilled Chicken Stuffed With Basil And Tomato,https://www.edamam.com/web-img/27d/27d2d718ba4d530f361cfeb74b6bbe82.jpg,Tomato|Beefsteak|Garnish (food)|Basil|Chicken as food|Clove|Garlic|Black pepper|Olive|Olive oil|Salt,139.81630046875046,8.168055934375007,6.116963804687618,11.116015385937517
Grilling: Chicken Sausage with Basil and Tomatoes Recipe,https://www.edamam.com/web-img/c45/c45b85904b2c36ef31e169f6b71c0ca1.jpg,Oil|Garlic|Olive oil|Basil|Chicken as food|Salt|Kosher salt|Olive|Sun-dried tomato|Tomato|Wine|Vinegar|Water|Black pepper,311.7578993611111,23.967901849166665,1.1595444236111112,21.007288201111113
"Chicken Breasts Stuffed With Fontina, Artichokes, And Sun-Dried Tomatoes",https://www.edamam.com/web-img/938/938256c08783d62c80774ba292a21e65.jpg,Artichoke|Basil|Sun-dried tomato|Tomato|Chicken as food|Olive|Olive oil,465.1916011875,30.351726273125003,9.0729766625,43.120267808894226
Dried Tomato and Fennel Stuffing,https://www.edamam.com/web-img/789/789d76a6269504d1311f7e8f97b22d6e.jpg,Fennel|Oregano|Tomato|Chicken as food|Broth|Basil|Butter|Balsamic vinegar|Vinegar|Bread|Anise,254.65347365999997,11.7033706083,30.650086602925008,7.753123336000002
Spinaccomato Stuffed Chicken with Basil and Cheeses,https://www.edamam.com/web-img/942/942a39e7ba184d797c39c11cb28fdcc1.jpg,Salt|Feta|Parmigiano-Reggiano|Chicken as food|Tomato|Mozzarella|Broccoli|Basil|Black pepper|Spinach,472.17581249888667,27.893467499917513,4.229243359345892,49.445149296807884
Simple Baked Chicken Breasts,https://www.edamam.com/web-img/067/06710f289be66999599915847e836c46.jpg,Herb|Olive|Olive oil|Salt|Rosemary|Tarragon|Thyme|Broth|Oil|Chicken as food|Black pepper,247.63543218203336,10.884247315928668,1.0179266206150002,34.578894923909665
Dinner Tonight: Baked Chicken with Roasted Tomatillo Cream Sauce Recipe,https://www.edamam.com/web-img/477/477e272109898ff128684fa66524691e.jpg,Garlic|Clove|Chili pepper|Chicken as food|Cream|Salt|Garnish (food)|Coriander|Tomatillo,451.88219480000004,18.73815027175,5.172099301,62.566255844000004
spinach and egg pizzette,https://www.edamam.com/web-img/944/944ecd35dd553943ff7eb87cd738a939.jpg,Cream|Crème fraîche|Salt|Garnish (food)|Black pepper|Clove|Garlic|Spinach|Pizza|Egg as food|Olive oil|Parmigiano-Reggiano,151.7573277102906,10.653040140217755,5.428611369305059,10.18772121765101
Baked Chicken Breast Nuggets,https://www.edamam.com/web-img/b29/b29f471ef5c353c390ae98123916e196.jpg,Black pepper|Salt|Chicken as food|Rosemary|Oregano|Thyme|Paprika|Olive|Basil|Bread crumbs|Olive oil|Sugar|Seasoning|Kosher salt|Buttermilk,251.89877315960254,6.385228276556757,24.707651666666788,22.83390720833347
"Chicken with Figs, Wine & Honey",https://www.edamam.com/web-img/d88/d8880e19acb65c1be087c580ca708569.jpeg,Common fig|Olive|Olive oil|Oil|Black pepper|Salt|Kosher salt|Chicken as food|Honey|Wine,846.7927361131273,43.877039166678706,58.35181180608697,38.340825416706124
Creamy PHILLY Pesto Chicken,https://www.edamam.com/web-img/40d/40d92bffea2d9559822270276815117b.jpg,Chicken as food|Pesto|Broth|Cream|Cream cheese|Cheese|Cheese spread,339.80466292134827,14.348757303370787,1.9646893258426967,47.688849999999995
Cook the Book: Black Sesame Otsu,https://www.edamam.com/web-img/81a/81a47d6b5bc93ab4553e68ee2bc22bcc.jpg,Sugar|Rice|Brown rice|Soba|Mirin|Seed|Sunflower seed|Soy sauce|Olive|Tofu|Olive oil|Onion|Sesame|Oil|Sesame oil|Sucrose|Sea salt|Salt|Noodle|Cayenne pepper|Black pepper|Vinegar|Scallion|Pine nut|Nut (fruit),548.34788524258,19.843443452042962,77.74560716814713,24.397439937143286
"date, feta and red cabbage salad",https://www.edamam.com/web-img/182/18261f985315e3825b3635a1a0e0714b.jpg,Cabbage|Red cabbage|Lime (fruit)|Feta|Juice|Lemon|Salt|Parsley|Black pepper|Capsicum|Olive|Oil|Olive oil|Sesame,194.8523838732073,11.44895839169186,21.69454156015773,4.453657699446493
Teriyaki Chicken Breasts,https://www.edamam.com/web-img/454/454b3f435f2fabfbe752562b2a950aaa.jpg,Soy sauce|Ginger|Water|Chicken as food|Mirin|Sake|Sugar|Seed|Sesame,424.52444101000003,14.444693411875003,20.947042500000002,27.714665014875003
Dinner Tonight: Korean Fried Chicken Recipe,https://www.edamam.com/web-img/1db/1dbafa2cd0508e4a0d29859c616a15f5.jpg,Honey|Flour|Oil|Sesame oil|Sesame|Ginger|Clove|Corn starch|Garlic|Vinegar|Rice|Canola oil|Soy sauce|Chicken as food,539.5271083331596,39.856066666661576,24.549276666635805,20.976583333333245
Honey-Garlic Noodles,https://www.edamam.com/web-img/41c/41cb4c52333a658be98926ec8d40a9ec.jpg,Scallion|Sesame|Toast|Sesame oil|Seed|Egg as food|Soy sauce|Herb|Spice|Coriander|Vegetable|Vegetable oil|Ginger|Garlic|Clove|Oil|Lime (fruit)|Mirin|Honey|Noodle,344.8343376,10.372070986833336,48.244601929041664,10.185476615666667
Cook the Book: Steak and Eggs Korean Style,https://www.edamam.com/web-img/e07/e0754095b87a22e6e7c7de828c3f1109.jpg,Kimchi|Oil|Rice wine|Black pepper|Chili pepper|Rice|Mirin|Salt|Steak|Canola oil|Ginger|Eruca sativa|Wine|Sushi|Garlic|Garnish (food)|Scallion|Gochujang|Egg as food|Soy sauce|Olive|Vinegar|Cabbage|Napa cabbage|Maize|Corn syrup|Syrup|Sesame oil|Sesame|Clove|Olive oil|Granny Smith|Apple,731.270670587144,36.79911898430364,55.09447604794508,40.39959178396902
Shakshuka,https://www.edamam.com/web-img/dfe/dfe69f3d4626986c81f5863fb8ec1838.jpg,Clove|Garlic|Black pepper|Sugar|Paprika|Bell pepper|Salt|Onion|Yellow onion|Capsicum|Tomato|Juice|Egg as food|Olive|Oil|Bay leaf|Olive oil|Pimiento|Bread,230.5219531875,18.67923582875,9.473898996875,7.728415024375
Chicken Biscuits,https://www.edamam.com/web-img/47f/47f81fec8ad0485f0326f142f6c2f9d4.jpg,Peanut|Peanut oil|Chicken as food|Lard|Cheddar cheese|Gravy|Sausage gravy|Cayenne pepper|Black pepper|Dill|Butter|Oil|Egg as food|Kosher salt|Salt|Baking powder|Flour|Buttermilk|Vegetable oil|Garlic powder|Garlic|Shortening|Vegetable|Onion powder|Onion|Sugar|Sodium bicarbonate,1204.2072062496657,93.69484662497831,56.23112662493253,34.55921687499972
A Red Velvet Affair Recipe,https://www.edamam.com/web-img/917/917d1745bf0f2c88d509b1873e11218d.jpg,Egg as food|Vinegar|Buttermilk|Shortening|Powdered sugar|Food coloring|Salt|Flour|Sodium bicarbonate|Butter|Vanilla|Citric acid|Sugar|Vanilla extract|Cocoa solids|Cream|Cheese|Cream cheese|Wheat flour,338.76481940893154,19.508017101506,39.623968375286644,2.639306370511963
Cook the Book: Revelatory Caramel Cake,https://www.edamam.com/web-img/798/7982e744ea2961ef297e4b36bcd16354.jpg,Sugar|Wheat flour|Flour|Egg white|Vanilla|Milk|Baking powder|Salt|Caramel|Icing (food)|Butter|Syrup|Vanilla extract|Maize|Corn syrup,7274.612323225,207.84234282675004,1307.7456238554998,69.26107378625
Pork Chops With Sweet-And-Sour Cider Glaze,https://www.edamam.com/web-img/4ca/4ca303241ff363debfbe28aaf76df95f.jpg,Cider|Vinegar|Mustard (condiment)|Mustard seed|Olive|Oil|Olive oil|Brown sugar|Pork|Apple cider|Seed|Apple|Sugar,499.8664999993376,25.0621,24.40655124982898,41.4796749999998
Pork Chops With Cider Glaze,https://www.edamam.com/web-img/526/526f79958a35e5d98155067da80cdde2.jpg,Carrot|Olive|Olive oil|Juice|Orange juice|Butter|Black pepper|Apple cider|Cider|Apple|Flour|Salt|Kosher salt|Pork chop|Pork|Oil|Thyme,673.8682644778054,36.485106685874705,28.425175990106567,55.30045454519862
Pork Chops with Cider Glaze,https://www.edamam.com/web-img/f44/f441ed6e1bee09cb04bcaa941e352910.jpg,Apple|Thyme|Butter|Juice|Orange juice|Olive|Oil|Olive oil|Flour|Pork chop|Pork|Carrot|Apple cider|Cider,446.62974666664536,24.289430802541307,18.2836709406615,36.75869169912384
Pork Chops with Cider Glaze,https://www.edamam.com/web-img/e16/e1631e37cccc192405fb9227ab928ba6.jpg,Apple juice|Juice|Pork|Pork loin|Thyme|Cider|Apple cider|Apple|Vinegar|Cabbage|Red cabbage|Black pepper|Salt|Olive oil|Olive,433.65745266663447,22.08342902666613,34.32132303332552,26.49046487333156
Cook the Book: Tennessee Whiskey Pork Chops,https://www.edamam.com/web-img/196/1964e342480869f0265ae369d86d8ebd.jpg,Black pepper|Salt|Cider|Oil|Vanilla extract|Vanilla|Pork chop|Pork|Vegetable|Vegetable oil|Cayenne pepper|Bourbon whiskey|Sugar|Brown sugar|Vinegar|Tennessee whiskey|Mustard (condiment)|Apple|Apple cider|Butter,492.43971179277116,23.38516169099114,8.87349668117501,41.51334416124993
Orange-Rosemary Roasted Turkey,https://www.edamam.com/web-img/504/504fc27f43e297756a9f93a5ac7873fe.jpg,Olive|Fruit|Rosemary|Broth|Chicken as food|Onion|Garnish (food)|Herb|Orange (fruit)|Carrot|Salt|Kosher salt|Olive oil|Giblets,825.2225415491249,33.474985904455,10.68503185595375,114.838562406455
Rosemary Roasted Turkey,https://www.edamam.com/web-img/d87/d87d4ea878667940ad4680c90d7859f7.jpg,Salt|Peel (fruit)|Lemon|Onion|Paprika|Garlic|Clove|Rosemary|Black pepper|Wine|Butter|Garnish (food)|Orange juice|Juice,563.1228988045002,21.82133333151884,8.692535948947347,70.55413714523101
Rosemary Roasted Turkey with Gravy,https://www.edamam.com/web-img/3c9/3c9406df80345771f808fb18243c38a9.jpeg,Salt|Kosher salt|Black pepper|Flour|Lemon|Sherry|Wine|Marsala wine|Celery|Rosemary|Chicken as food|Broth|Butter|Carrot|Gravy|Juice|Onion|Salvia officinalis,888.2543605472623,46.22943292859074,12.870276317238124,99.86759266788738
Rosemary Roast Turkey Breast,https://www.edamam.com/web-img/fe6/fe631ed8dc597bc8ec44f925b4c9b2fe.jpg,Black pepper|Broth|Rosemary|Salt|Chicken as food,365.116775,16.214299499999996,1.07282175,50.190466750000006
Roasted Turkey,https://www.edamam.com/web-img/fa7/fa7f84bcbe9038c67a64dfc4ec82da72.jpg,Fennel|Thyme|Brine|Parsley|Rosemary|Salvia officinalis|Onion|Black pepper|Salt,667.7645608299399,25.874373987292394,5.696144882097,98.37789858821259
"brussels sprouts, apple and pomegranate salad",https://www.edamam.com/web-img/336/33635b9e8c8d4afceecf1c3c5c53f89e.jpg,Walnut|Black pepper|Granny Smith|Vinegar|Red onion|Onion|Paprika|Seed|Wine|Brussels sprout|Chili pepper|Pomegranate|Kosher salt|Salt|Chipotle|Lemon|Olive|Oil|Olive oil|Juice|Apple|Honey|Sumac,161.96470833333333,11.698767916666666,14.718425416666664,2.067857083333333
French in a Flash: Dijon Pork Paillard with Spinach and Flower Salad Recipe,https://www.edamam.com/web-img/43b/43b3b874c52b1de87284c534a9bacb3c.jpg,Salt|Oil|Olive oil|Clove|Vinegar|Pork chop|Pork|Champagne|Honey|Bread crumbs|Olive|Mustard (condiment)|Grain|Black pepper|Crème fraîche|Egg as food|Baguette|Spinach|Garlic|Flour,778.1655792016103,41.03434869818762,47.83003601982748,52.13509462622913
Turkey & Potato Hand Pies Recipe,https://www.edamam.com/web-img/35b/35b1b51936d90bcb1921dcb3cbdc5c02.jpg,Onion|Pea|Raisin|Potato|Olive|Black pepper|Wine|Kosher salt|Salt|Turkey as food|Curry powder|Curry|Vinegar|Bread|Olive oil|Oil|Chicken as food,757.986558625,40.3540054925,80.41049250625,19.32718005125
Turkey and Swiss Pinwheels,https://www.edamam.com/web-img/ae7/ae774b56437e0d53a2bd612a77f3b27b.jpg,Cheese|Swiss cheese|Whole grain|Black pepper|Juice|Lemon|Peel (fruit)|Mustard (condiment)|Spinach|Dijon mustard|Mayonnaise|Canola oil|Dill|Bell pepper|Carrot,1286.9895749712798,66.80282714528121,131.21087974707694,40.89879352340218
A Simply Perfect Roast Turkey,https://www.edamam.com/web-img/93b/93bda1b49ec88c5267803854beb99b09.jpg,Butter,59.94753677503741,2.385962569226612,0.0633260752889687,9.019198755788521
Lemon-Pepper Salmon II,https://www.edamam.com/web-img/0d3/0d3e01b62f9e4412ccd04aca9e638435.jpg,Salmon|Black pepper|Lemon|Soy sauce|Butter,291.98262303652507,21.035001126946504,0.64518359046125,23.907493343932256
Lemon-Pepper Salmon II Recipe,https://www.edamam.com/web-img/106/10655329208555fc007fb8caadc5ffae.jpg,Butter|Black pepper|Salmon|Soy sauce|Lemon,291.98262303652507,21.035001126946504,0.64518359046125,23.907493343932256
Lemon-Pepper Salmon Ii,https://www.edamam.com/web-img/b86/b8620babdca7cd2334093f3200992dfa.jpg,Salmon|Butter|Soy sauce,291.01503240000005,21.022434013500003,0.39865999999999996,23.867440488500005
Salmon Trilogy (Part II): Gravad Salmon,https://www.edamam.com/web-img/60d/60d0432cc6006c8be92c1c7667caed98.jpg,Salt|Dill|Salmon|Black pepper|Sugar|Lemon|Juice,372.21121526666667,22.855672686916666,4.777831666666667,34.81014406608334
Baked Salmon Ii,https://www.edamam.com/web-img/b06/b062aa9aa16736adb090039d9375fd79.jpg,Clove|Black pepper|Salt|Parsley|Salmon|Olive|Olive oil|Oil|Basil|Lemon|Juice|Garlic,722.2180486000002,63.42558102025001,2.4976200000000004,35.205480732750004
French Onion Soup with Braised Short Ribs,https://www.edamam.com/web-img/b91/b91586bc3065be31a6830daed75d1779.jpg,Baguette|Bread|Gruyère cheese|Onion|Worcestershire sauce|Sherry|Garlic|Beef|Black pepper|Butter|Sugar|Apple|Wine|Vinegar|Salt|Olive|Olive oil|Oil|Flour|Short ribs|Bay leaf|Kosher salt|Clove|Garlic bread|Thyme|Broth,1239.5147898942084,93.49568361699416,36.61956745076875,54.15959098572042
Cook the Book: Red Wine-Braised Short Ribs,https://www.edamam.com/web-img/fe2/fe298eff312965eb66b86208579bb807.jpg,Kosher salt|Wine|Bay leaf|Short ribs|Black pepper|Carrot|Beef|Celery|Thyme|Rosemary|Onion|Stock (food)|Vinegar|Sherry|Oil|Vegetable oil|Vegetable|Parsley|Salt|Tomato|Tomato paste|Chicken as food|Veal,1299.8191409332073,80.08883562520381,28.975741706831652,70.43065080035174
Braised Short Ribs With Daikon And Glass Noodles,https://www.edamam.com/web-img/0f8/0f8aa684d5ba0c3718a674fa77b2b1cf.jpg,Oil|Beef|Short ribs|Vegetable oil|Vegetable|Carrot|Water|Sesame|Sesame oil|Salt|Black pepper|Soy sauce|Mirin|Onion|Garlic|Clove|Cellophane noodles|Noodle|Mung bean|Bean|Ginger|Shiitake|Mushroom|Brown sugar|Sugar|Daikon,319.81786663480926,24.086292714914567,12.629215359603577,10.288585175381177
Red Roasted Asian Beef Stew,https://www.edamam.com/web-img/c37/c3799819190371ff4fa1a5d851e9c125.jpeg,Carrot|Lime (fruit)|Brown sugar|Sugar|Stock (food)|Chicken as food|Salt|Vegetable|Vegetable oil|Oil|Rice wine|Chili pepper|Beef|Zest (ingredient)|Shiitake|Edible mushroom|Wine|Sake|Rice|Soy sauce|Rock candy|Daikon|Short ribs|Clove|Garlic|Sherry|Ginger|Vinegar|Anise|Illicium verum|Seasoning,585.2840128640669,19.595099763857334,23.27059669556333,70.85737030481933
Braised Short Ribs with Daikon and Glass Noodles,https://www.edamam.com/web-img/ca6/ca644f0187854d07b5e97df45f1893d3.jpg,Beef|Oil|Vegetable oil|Vegetable|Ginger|Mushroom|Shiitake|Clove|Garlic|Mirin|Carrot|Short ribs|Water|Daikon|Soy sauce|Black pepper|Salt|Onion|Cellophane noodles|Noodle|Mung bean|Bean|Brown sugar|Sugar|Sesame|Sesame oil,1279.271466539237,96.34517085965827,50.51686143841431,41.15434070152471
Grilled Stuffed Portobello Mushrooms,https://www.edamam.com/web-img/77b/77b2267d76e78e6d94b2788756f60707.jpeg,Oil|Salt|Bread|Bread crumbs|Mushroom|Agaricus bisporus|Pesto|Tomato|Sun-dried tomato|Black pepper|Parmigiano-Reggiano|Canola oil|Cheese|Mozzarella,532.1433377457865,41.650939864466295,20.875764450491573,21.300011218750004
Grilled Stuffed Portobello Mushrooms,https://www.edamam.com/web-img/774/7747c101716b138e0f854a5f38691f49.jpg,Bread crumbs|Garlic|Clove|Cheese|Parmigiano-Reggiano|Onion|Vinegar|Balsamic vinegar|Black pepper|Mushroom|Agaricus bisporus|Spinach|Olive oil|Oregano|Olive,167.23525,8.647372500000001,15.743055000000002,7.4060425
Grilled Stuffed Portobello Mushrooms,https://www.edamam.com/web-img/56d/56d0de65bd5973311f785ed69abc6db8.jpg,Agaricus bisporus|Parsley|Juice|Rosemary|Soy sauce|Oil|Olive oil|Olive|Clove|Garlic|Black pepper|Cooking spray|Cheese|Mozzarella|Plum|Tomato|Plum tomato|Lemon|Mushroom,50.94664769309982,3.638514222057269,2.781010097419816,2.4777622965353685
Grilling: Spinach and Cheese Stuffed Portobellos Recipe,https://www.edamam.com/web-img/9c8/9c8f3adb89e8c6b3711bc2604563c6df.jpg,Sea salt|Garlic|Cheese|Oil|Salt|Spinach|Black pepper|Herb|Olive|Goat cheese|Agaricus bisporus|Mushroom|Olive oil,204.27582613754086,15.383834237577316,7.923339449990066,11.576802405494258
Yellow Tomatoes Stuffed With Grilled Wild Mushrooms And Parmesan Cheese,https://www.edamam.com/web-img/5c7/5c761f43727721d1fbc3d4555cb4e218.jpg,Agaricus bisporus|Mushroom|Shiitake|Oyster|Shallot|Rosemary|Beefsteak|Tomato|Olive oil|Thyme|Vinaigrette|Parmigiano-Reggiano|Cheese|Olive,124.3653375,8.970956562500003,7.92286625,4.7910984375000005
Slow-Cooker Macaroni and Cheese,https://www.edamam.com/web-img/605/605d7713a3e181bec78e7f28a1e44efa.jpg,Black pepper|Milk|Skimmed milk|Cheese|Macaroni|Parmigiano-Reggiano|Cheddar cheese|Salt,511.2243030079574,20.787670734220633,50.54284505745879,29.414656581255997
Perfect Coconut Cream Pie,https://www.edamam.com/web-img/c0d/c0d9206bae36b491a087f3116066055e.jpg,Flour|Oil|Sugar|Coconut|Salt|Powdered sugar|Vanilla|Vanilla extract|Egg as food|Yolk|Coconut milk|Milk|Water|Canola oil|Cream|Whipped cream,592.7927916666666,46.80026791666666,40.84769791666667,7.007049166666667
Recipe: Old Fashioned Mac & Cheese,https://www.edamam.com/web-img/8ab/8abafd9daf7cd2c950d4027623609758.jpg,Cheddar cheese|Tarragon|Butter|Pasta|Milk|Evaporated milk|Sea salt|Salt|Monterey Jack|Cheese|Chili pepper|Black pepper|Saltine cracker|Cracker (food)|Flour,287.844113666915,20.280870070617897,11.86139504322675,14.630341369309349
Old-Fashioned Baked Mac & Cheese,https://www.edamam.com/web-img/0cf/0cf16c293105106311dd84cb94f08772.jpg,Butter|Cheese|Tomato|Cracker (food)|Ritz Crackers|Milk,271.73814366210934,16.621840666140624,26.82742593807031,5.1395108527617195
Old Fashioned Mac And Cheese,https://www.edamam.com/web-img/a9d/a9d43e5df02ea5eaefe2c1fe4943de66.jpg,Macaroni|Milk|Onion|Cheese|Processed cheese|Cheddar cheese|Swiss cheese|Flour|Butter,415.00360894285717,24.787535640285718,29.17219951957143,18.607705597749998
Dinner Tonight: Grilled Scallops with Mint Pesto and Balsamic Syrup Recipe,https://www.edamam.com/web-img/5d0/5d082265bcf94a859877cae250a1a77c.jpg,Almond|Vinegar|Balsamic vinegar|Scallop|Parsley|Garlic|Oil|Olive oil|Clove|Zest (ingredient)|Olive|Lemon|Mentha|Cheese|Parmigiano-Reggiano,590.5615257375,47.018899729874995,16.57857151225,25.883066183250005
Baked and Breaded Scallops,https://www.edamam.com/web-img/429/429018a458e9e7cb3ce519f131af6bc1.JPG,Butter|Lemon|Scallop|Macadamia|Nut (fruit)|Bread crumbs|Bread|Salt|Garlic|Garlic powder,278.99971507500004,19.28021034075,12.153145279000002,15.907031518000004
Seared Scallops with Lemony Farro and Arugula Salad Recipe,https://www.edamam.com/web-img/1f9/1f9323884c89fb6bf19053ce179a7c10.jpg,Black pepper|Olive oil|Oil|Lemon|Garlic|Clove|Zest (ingredient)|Salt|Kosher salt|Scallop|Olive|Water|Juice|Eruca sativa,427.81603191093757,15.81204204271875,51.33193066204687,23.87363385296875
Squid Ink Pasta With Shrimp and Scallops Recipe,https://www.edamam.com/web-img/888/888ae169d6834d325d295e9a78f6e7bb.jpg,Squid as food|Pasta|Olive|Olive oil|Oil|Garlic|Clove|Capsicum|Black pepper|Kosher salt|Salt|Wine|Tomato|Parsley|Juice|Lemon|Butter|Scallop,498.8962974153667,13.211527300817556,62.01364368383724,26.73134697918745
Shrimp and Scallop Easy Paella,https://www.edamam.com/web-img/426/42615376a9c644196c886a9dbb2f8b1f.jpg,Garlic|Clove|Black pepper|Bell pepper|Capsicum|Olive|Scallop|Salt|Chorizo|Saffron|Parsley|Tomato paste|Tomato|Onion|Lemon|Chili pepper|Oil|Olive oil|Stock (food)|Chicken as food|White rice|Rice,651.129914218002,23.03472152072307,60.64915538004713,47.529385658275366
Traditional Style Vegan Shepherd's Pie,https://www.edamam.com/web-img/2fa/2fac99b89a936c887668dd2c67d8a005.jpg,Seasoning|Celery|Cheese|Cream cheese|Potato|Milk|Soybean|Soy milk|Mashed potato|Beef|Ground beef|Clove|Garlic|Pea|Salt|Oil|Black pepper|Carrot|Mayonnaise|Vegetable|Vegetable oil|Olive oil|Olive|Tomato|Onion|Cream,578.9090498783179,34.88958720370471,47.70066209492709,20.742952292889772
Pork Carnitas Tacos,https://www.edamam.com/web-img/187/187b2788216832ffb2718a7f9679b9fa.jpg,Tortilla|Coriander|Juice|Orange juice|Lime (fruit)|Corn tortilla|Maize|Salt|Kosher salt|Clove|Garlic|Onion|Chipotle|Boston butt|Chili powder|Pork|Tomato|Cumin,616.2277113714288,37.05420029842857,32.78827857142857,37.75448678542857
Carnitas - Pressure Cooker,https://www.edamam.com/web-img/37b/37b6ae4b0be5acee38bcc0e7c17b067a.jpg,Paprika|Black pepper|Onion|Oregano|Orange juice|Juice|Cumin|Salt|Oil|Olive|Olive oil|Garlic|Clove|Chili powder|Chili pepper|Pork,179.57591855798884,11.87254384207982,2.091256874997087,15.25239651225962
Pressure Cooker Carnitas,https://www.edamam.com/web-img/19c/19cd07bd938b10aaed9fb21214a10d66.jpg,Onion|Meat|Cumin|Pork|Chipotle|Broth|Chicken as food,282.45464830000003,20.765256340749996,2.157642,20.6618347915
Pressure Cooker Carnitas,https://www.edamam.com/web-img/235/23582264693645bcbc1a1f6865449cc5.jpg,Jalapeño|Black pepper|Coriander|Beef|Broth|Cumin|Serrano pepper|Garlic|Onion|Poblano|Canola oil|Clove|Pork,315.98991496666673,24.145231007416665,3.226388333333333,20.595199791500004
Pulled Pork Carnitas Style,https://www.edamam.com/web-img/936/9369d28c8ddb8985aec324c896122814.jpg,Cumin|Orange (fruit)|Bay leaf|Onion|Black pepper|Lime (fruit)|Pork|Salt|Garlic|Garlic powder|Oregano|Coriander|Cinnamon,312.5853642000001,19.176180048666666,3.177102666666666,30.241000612666664
Spicy Vegetable & Quinoa Laksa,https://www.edamam.com/web-img/39f/39f86f9d4c914af76bee3087213f8d19.jpg,Onion|Korma|Milk|Vegetable|Quinoa,484.92238564834054,12.9267145532719,71.39655731510817,21.716957857814172
Spicy vegetable & quinoa one-pot,https://www.edamam.com/web-img/12b/12b89722de8bbae0541ce16b15d2dce4.jpg,Onion|Korma|Milk|Quinoa|Vegetable,484.92238564834054,12.9267145532719,71.39655731510817,21.716957857814172
Coconut & squash dhansak,https://www.edamam.com/web-img/2d2/2d2b8b9014fb0607ac740a17b620f29e.jpg,Korma|Yogurt|Vegetable oil|Oil|Vegetable|Lentil|Tomato|Onion|Naan|Bread|Coconut milk|Coconut|Milk|Butternut squash|Spinach|Curry,338.59822049134846,13.578196532612486,42.55591889929742,14.339267501988935
Vegetarian Korma,https://www.edamam.com/web-img/199/1998bac1747c46bbfe1f97c9db1200ad.jpg,Cashew|Coconut|Coconut milk|Potato|Ginger|Tomato|Pea|Milk|Vegetable oil|Vegetable|Garlic|Oil|Onion|Salt|Clove|Carrot|Tomato sauce|Curry powder|Curry,178.3675677746932,10.509320534663175,19.397918588952002,4.045266513739891
Vegetarian Korma,https://www.edamam.com/web-img/7d3/7d3aa14a19a396a565f9a8c8448ac6f9.jpg,Curry|Salt|Cream|Black pepper|Jalapeño|Garnish (food)|Coriander|Bell pepper|Clove|Garlic|Ginger|Cashew|Tomato|Vegetable oil|Vegetable|Tomato sauce|Curry powder|Onion|Pea|Carrot|Oil|Potato,459.2386077716086,31.064477458215233,40.66717523345956,8.47310608303534
Thai-Style Bloody Mary With Cilantro and Fried Shallots Recipe,https://www.edamam.com/web-img/ea5/ea512f5db57098a2770194c37da97560.jpg,Syrup|Brine|Tomato|Coriander|Juice|Rice|Shallot|Tomato juice|Sambal|Sugar|Brown sugar|Lime (fruit)|Vodka|Fish sauce,270.94616666666667,0.39247685185185177,30.95431527777777,2.2001196296296297
Cilantro and Rice With Sweet Plantains,https://www.edamam.com/web-img/458/458c51ec08586e6218cf22e7fb448220.jpeg,Vegetable oil|Water|Rice|Salt|Kosher salt|Broth|Chicken as food|Coriander|White rice|Oil|Clove|Garlic|Cooking banana|Vegetable,355.90903035416665,3.4338470592708337,74.34501320760417,7.157702167708334
Vegetarian Carrot Fried Brown Rice,https://www.edamam.com/web-img/961/9618f5bca35373f551fcde194a330c14.jpg,Rice|Brown rice|Wine|Vinegar|Rice wine|Onion|Soy sauce|Egg as food|Carrot|Oil|Peanut|Peanut oil|Capsicum|Black pepper|Sesame|Coriander|Mirin|Seed,519.4015,24.093049999999998,59.78125500000001,14.667425000000001
Salmon Fried Rice,https://www.edamam.com/web-img/89c/89c1c515b6eede5014873688166fff18.jpg,Ginger|Garlic|Clove|Olive|Salmon|Egg as food|Rice|White rice|Bell pepper|Black pepper|Scallion|Onion|Brown sugar|Sugar|Coriander|Parsley|Garnish (food)|Red onion|Olive oil|Oil|Soybean|Soy sauce|Pea,527.0649999999999,22.505077777777775,43.333644444444445,34.98365555555556
Vietnamese Rice Noodle Salad Bowl,https://www.edamam.com/web-img/b6b/b6bc41007bc100f8d4fe1336c658841a.jpg,Brown sugar|Sugar|Fish sauce|Coriander|Peanut|Thai basil|Basil|Rice noodles|Cucumber|Tofu|Noodle|Meat|Water|Spring roll|Carrot|Lime (fruit)|Juice|Shallot|Mentha|Rice|Clove|Garlic,1011.1872323241746,26.851144941124723,116.39143765627928,76.99459329624813
Baked Mozzarella Chicken Rollups,https://www.edamam.com/web-img/e37/e37d216cca447702ffdce0d42dc83409.png,Bread crumbs|Chicken as food|Whole grain|Wheat|Oil|Olive oil|Garlic|Marinara sauce|Egg white|Egg as food|Spinach|Olive|Bread|Basil|Cheese|Ricotta|Mozzarella|Parmigiano-Reggiano,557.2958337010059,20.405124532489463,22.44225235178375,67.33922879864431
Garlic Cheese Chicken Rollups,https://www.edamam.com/web-img/b28/b28c322c29c2d77ca60ad323277448bd.jpg,Butter|Cheese|Parmigiano-Reggiano|Bread crumbs|Bread|Cheese spread|Garlic|Chicken as food,764.447736803125,49.460634011531255,20.557772650734375,56.9804256286875
Garlic Cheese Chicken Rollups Recipe,https://www.edamam.com/web-img/124/124a6bdc14f1f903b66aaf20b3753548.jpg,Cheese|Bread|Parmigiano-Reggiano|Butter|Garlic|Cheese spread|Bread crumbs|Chicken as food,764.447736803125,49.460634011531255,20.557772650734375,56.9804256286875
Garlic Cheese Chicken Rollups Recipe,https://www.edamam.com/web-img/931/931b66561bf792f9df7e8fe73414e197.jpg,Bread|Butter|Garlic|Cheese|Cheese spread|Parmigiano-Reggiano|Chicken as food|Bread crumbs,254.81591226770834,16.486878003843753,6.852590883578125,18.9934752095625
Chicken And Spinach Rollup,https://www.edamam.com/web-img/e6e/e6ed57e436a0a1286b477534cd56ba24.jpg,Capsicum|Black pepper|Scallion|Seasoning|Onion|Ricotta|Cheese|Clove|Garlic|Dijon mustard|Mustard (condiment)|Salt|Bread crumbs|Bread|Chicken as food|Spinach,179.1453333333333,9.328723333333334,3.2844366666666667,19.68323
Turkey with Herb Basting Sauce,https://www.edamam.com/web-img/34b/34b48f44835e7469410b93e677d3eac7.jpeg,Stock (food)|Chicken as food|Basil|Thyme|Juice|Lemon|Black pepper,377.96034110571475,16.749385713771442,1.3257504464286194,51.8403988399715
Fried Chicken Salad With Buttermilk-Herb Dressing,https://www.edamam.com/web-img/a9e/a9ee79ab41c03e21fa00a8bfcf16e1bb.jpg,Watercress|Tomato|Grape|Salt|Buttermilk|Bean|Black pepper|Canola oil|Oil|Garlic|Flour|Chicken as food,262.9486870696493,8.31359926527888,22.33287661605759,24.968343211830362
Fried Chicken Salad With Buttermilk-Herb Dressing,https://www.edamam.com/web-img/843/8439b42d6ed9af74c02092553e348528.jpg,Mustard (condiment)|Dijon mustard|Watercress|Parsley|Flour|Black pepper|Cream|Sour cream|Garlic|Salt|Chives|Bean|Oil|Chervil|Buttermilk|Grape|Tomato|Chicken as food|Canola oil|Basil,307.0905298821493,10.770874021528881,25.627968069182593,27.432713002455365
Chicken Breasts with Herb Basting Sauce,https://www.edamam.com/web-img/19b/19bc3e76efdd626fdfbd07774e3e8ecd.jpg,Oil|Rosemary|Salvia officinalis|Salt|Marjoram|Garlic|Olive|Hot sauce|Onion|Black pepper|Chili pepper|Parsley|Chicken as food|Thyme|Olive oil|Clove,243.93921874999998,18.249546562499997,1.0632984375,18.327135937500003
Turkey With Herb Basting Sauce,https://www.edamam.com/web-img/9ee/9eeab8d97a84388b70674380714eb790.jpg,Black pepper|Stock (food)|Basil|Thyme|Chicken as food|Lemon|Juice,377.96034110571475,16.749385713771442,1.3257504464286194,51.8403988399715
Grilled Sea Bass,https://www.edamam.com/web-img/6a2/6a25ead41d9554bc1d78fca77414dd0c.jpg,Salt|Black pepper|Onion|Bay leaf|Lemon|Thyme|Butter,656.0379835711,32.250142356286005,3.165320193095,84.31888727897902
Grilled Sea Bass With Tropical Salsa,https://www.edamam.com/web-img/c2a/c2a40791d18af46ab20bde41388f7ba5.jpg,Chili pepper|Jalapeño|Bell pepper|Mentha|Pineapple|Onion|Red onion|Olive oil|Cucumber|Juice|Lime (fruit)|Coriander|Olive|Mango|Tomato,238.02309121875712,7.3106830286648785,9.907453888879521,32.16560017162435
Mediterranean Grilled Sea Bass,https://www.edamam.com/web-img/b91/b9189ec5eeaa4cf018c15260d458318c.jpg,Black pepper|Coriander|Salt|Lemon|Oregano|Olive|Olive oil,1205.4293124999328,33.064351249998914,4.937483124982522,209.35685062499772
Grilled Sea Bass Fillets: Branzino ai Ferri,https://www.edamam.com/web-img/482/4824a1a17233e481ef7a21d739d2137f.jpeg,Sea salt|Olive oil|Oil|Black pepper|Salt|Lemon|Olive,545.8354868537834,12.975633106083668,3.7780062471525,98.02360891318385
Green Tomato Salsa with Grilled Sea Bass,https://www.edamam.com/web-img/b17/b17c80b94cc6f443c3232318884e72e9.jpg,Olive|Lime (fruit)|Juice|Onion|Red onion|Jalapeño|Black pepper|Coriander|Tomato|Olive oil|Oil|Salt,158.5281610486111,5.00200026875,3.118969567708333,24.274209413541666
Mississippi Pot Roast,https://www.edamam.com/web-img/4ea/4ea73c06f0d243707bbbe464e6a56dba.jpg,Salt|Gravy|Au jus|Juice|Ranch dressing|Buttermilk|Black pepper,228.48277618097768,9.309490547200294,2.357758611382326,34.318240158006034
Sesame Beef Wraps,https://www.edamam.com/web-img/278/2783cb010c0537278a08a9a7eb22a1d3.jpg,Black pepper|Beef|Beefsteak|Steak|Capsicum|Ginger|Garlic|Clove|Lettuce|Seed|Sesame|Sesame oil|Oil|Soy sauce|Vegetable oil|Vegetable,103.13777777824276,7.0235333333859336,3.042122222222222,6.891866666666666
Sesame Beef and Broccoli,https://www.edamam.com/web-img/508/508b0d98478bf2bf86db359ba35f58b4.jpg,Cooked rice|Beef|Rice|Vegetable oil|Vegetable|Oil|Scallion|Corn starch|Sesame oil|Soy sauce|Broth|Sesame|Broccoli|Salt|Clove|Garlic,318.98908211237114,20.392332146499978,12.665468341969138,22.403182658624914
Sesame Beef Bowls,https://www.edamam.com/web-img/7ee/7eec2ad77918bf85e5dd39b2211e0712.jpg,Sesame|Wine|Water|Beef|Garlic|Potato|Ginger|Sugar|Starch|Sherry|Sesame oil|Soy sauce|Seed|Oil,264.6392499998965,12.831199999999999,8.023659999996609,28.940432499999915
Sesame beef wraps,https://www.edamam.com/web-img/ceb/cebf6f643da83708b9fff0faf2f1eae5.jpg,Lettuce|Sesame|Oil|Sesame oil|Vegetable|Vegetable oil|Beef|Beefsteak|Steak|Seed|Soy sauce|Capsicum|Black pepper|Garlic|Clove|Ginger,101.13777777824275,7.004783333385934,2.597872222222222,6.846366666666667
Sizzling Sesame Beef,https://www.edamam.com/web-img/5ca/5ca35f4dc2a60a1e2c09dbea082d2c17.jpg,Black pepper|Broccoli|Jasmine rice|Salt|Rib eye steak|Sirloin steak|Steak|Clove|Garlic|Oil|Sesame oil|Sesame|Jasmine|Sugar|Rice|Soy sauce|Onion|Beef|Scallion,504.5007483730501,21.499436304643,47.527927940422494,30.338087235864506
Roasted Salmon with Brown Sugar Glaze,https://www.edamam.com/web-img/9b0/9b07a030a1c9e200f383c117a86afc64.jpg,Sugar|Brown sugar|Soy sauce|Mustard (condiment)|Dijon mustard|Salmon|Ginger,293.9209877386787,16.76546878073834,11.095686863428687,23.544080095050592
Salmon with Brown Sugar and Mustard Glaze recipes,https://www.edamam.com/web-img/771/77171c57385dadfe0443b77c05d84646,Lemon|Salmon|Sugar|Salt|Whole grain|Vinegar|Black pepper|Oil|Olive|Watercress|Olive oil|Mustard (condiment)|Shallot,769.748559913897,47.694726813069444,10.245178115275468,71.12781899539634
Salmon With A Minty Miso Glaze,https://www.edamam.com/web-img/845/845ae2b55ce5752505a86a3d093d9b86.jpg,Mentha|Seed|Sesame|Salmon|Clove|Garlic|Miso|Coriander|Mirin|Sugar|Brown sugar,265.0524,16.603631500000002,1.7363955,24.884849500000005
Seared Salmon with Balsamic Glaze,https://www.edamam.com/web-img/bb0/bb0a1f70fbf1b99fa2cbf797c9152212.jpg,Juice|Lemon|Vinegar|Balsamic vinegar|Brown sugar|Water|Sugar|Salmon|Vegetable|Oil|Vegetable oil,407.08871526806166,25.172969353741134,7.58854625,34.83582448275
Brown Sugar Glazed Salmon,https://www.edamam.com/web-img/01b/01b93e055c4e56fc097e517668986e72.jpeg,Black pepper|Soy sauce|Salt|Mustard (condiment)|Dijon mustard|Salmon|Brown sugar|Sugar,259.03444284873336,15.317812153196495,5.155971693510957,23.898919789557137
Jerk Chicken & Mango Kabobs,https://www.edamam.com/web-img/d7a/d7a197f9e5438514bede0d403272cc3a.jpg,Salt|Juice|Olive oil|Olive|Cinnamon|Brown sugar|Oil|Clove|Garlic|Chili pepper|Chicken as food|Chili powder|Jalapeño|Mango|Cayenne pepper|Bell pepper|Thyme|Allspice|Sugar|Lime (fruit),923.0182563122083,52.57328401624999,72.38796352804971,48.117025430624885
Southwestern Chicken Kabob Wraps with Yogurt Sauce,https://www.edamam.com/web-img/a69/a69cad6990431c2946a58ff17772995a.jpg,Bell pepper|Chili pepper|Salt|Coriander|Bread|Pita|Cream|Garlic|Capsicum|Chicken as food|Sour cream|Chili powder|Honey|Yogurt|Mustard (condiment)|Lime (fruit)|Juice,228.72466105555557,5.1493722339722225,27.834039722222222,19.42843721180556
Chili-Lime Chicken Kabobs,https://www.edamam.com/web-img/205/20544076170effac9f677a0249f30c0a.jpg,Chili pepper|Olive oil|Chili powder|Onion|Onion powder|Olive|Chicken as food|Wine|Oil|Lime (fruit)|Garlic|Vinegar|Garlic powder|Paprika,236.68921100000006,13.2689275235,2.79042125,25.860924562500006
"Chili Lime Chicken Kabobs With Peppers, Farro And Creamy Adobo Sauce recipes",https://www.edamam.com/web-img/45e/45e6cf6c34a6650950fa5dd60a0cc24d,Salt|Kosher salt|Olive oil|Bell pepper|Chili pepper|Lime (fruit)|Black pepper|Onion|Red onion|Olive|Kebab|Chicken as food|Juice|Adobo|Yogurt|Strained yogurt,1285.3328987290756,74.69807844373305,54.64053482276741,97.8020753820898
Mexican Grilled Chicken And Vegetable Kabobs,https://www.edamam.com/web-img/790/7903d130048f5455cdb5abb24d7648fb.jpg,Onion|Lime (fruit)|Garlic powder|Garlic|Chili powder|Cumin|Chili pepper|Bell pepper|Juice|Salt|Chicken as food|Mayonnaise,380.16180733331163,31.886806682333273,5.015038333326026,17.808270541666303
Deb's Scallops Florentine,https://www.edamam.com/web-img/ddf/ddf2c06214ee2b399663f00416634dd1.jpg,Scallop|Cream|Butter|Cheese|Mozzarella|Bread|Bread crumbs|Seasoning|Spinach|Parmigiano-Reggiano|Flour,358.0944397479166,27.12501150247917,11.546974043395835,17.996936405958333
Deb's Scallops Florentine Recipe,https://www.edamam.com/web-img/950/9506146f2b64b3f4a55dda6455ded71f.jpg,Mozzarella|Cheese|Parmigiano-Reggiano|Spinach|Scallop|Seasoning|Black pepper|Salt|Butter|Flour|Bread|Bread crumbs|Cream,378.09875685415204,28.361274960379543,12.092894112228855,19.744229668509938
Deb's Scallops Florentine,https://www.edamam.com/web-img/572/572c90eed4108a453c8576f5a305a4d1.jpg,Old Bay Seasoning|Bread|Cheese|Butter|Mozzarella|Parmigiano-Reggiano|Spinach|Salt|Seasoning|Scallop|Black pepper|Bread crumbs|Flour|Cream,378.09875685415204,28.361274960379543,12.092894112228855,19.744229668509938
Schmaltz-y Roasted Chicken and Potatoes,https://www.edamam.com/web-img/596/5964c10fd6a9d368f86b54a25dbdfde1.JPG,Salt|Kosher salt|Potato|Fat|Thyme|Black pepper,2578.8635723436605,174.10628016167743,22.574437789135622,217.49897924848668
"Dinner Tonight: Sautéed Chicken with Olives, Capers, and Roasted Lemons Recipe",https://www.edamam.com/web-img/192/19267d64e4c4debadb849340a7e0dd6d.jpg,Olive oil|Oil|Flour|Stock (food)|Chicken as food|Bread|Bread crumbs|Black pepper|Spinach|Olive|Caper|Lemon|Butter|Salt|Parsley,573.9054342742647,37.071932339289525,17.442396572032724,43.911659383723396
piri piri chicken,https://www.edamam.com/web-img/04b/04baa803e91def30a1255b663aeb3c82.jpg,Juice|Shallot|Chili pepper|Olive|Olive oil|Bell pepper|Parsley|Coriander|Kosher salt|Salt|Chicken as food|Oil|Oregano|Lemon|Zest (ingredient)|Wine|Garnish (food)|Paprika|Clove|Garlic|Vinegar,309.5135818291667,23.173316191625002,1.9903773531250002,22.1309919445
Leftover-Roast-Chicken-Stock,https://www.edamam.com/web-img/196/196ba0a24fc294932e97a90b7ef713ec.jpg,Parsley|Chicken as food|Garlic|Carrot|Celery|Onion|Black pepper|Thyme|Herb,41.3357975,2.779754350000001,0.39915637500000006,3.4866312750000006
Easy Cold Sesame Noodles With Shredded Chicken Recipe,https://www.edamam.com/web-img/5db/5db5966b54330e7986737b499fb40f31.jpg,Sambal|Sugar|Sesame oil|Sesame|Black pepper|Noodle|Butter|Peanut butter|Peanut|Chicken as food|Salt|Kosher salt|Oil|Rice|Rice wine|Fish sauce|Vinegar|Wine|Cabbage|Ginger|Tahini|Soy sauce|Scallion,495.2900334603481,23.019829331841404,52.236240962944855,23.24116243886832
Robb Walsh's Tacos al Pastor,https://www.edamam.com/web-img/c04/c041f18d667ff2782ec32173f0b62d10.jpg,Cider|Chili powder|Chili pepper|Pineapple|Black pepper|Cumin|Salsa (sauce)|Tortilla|Recado rojo|Lime (fruit)|Juice|Oregano|Onion|Coriander|Garlic|Orange juice|Pork|Pork loin|Salt|Vinegar,227.49870569207,7.155725079043443,22.59770971251187,18.602102634646698
Jamaican Jerk Pork,https://www.edamam.com/web-img/a0e/a0e370bb9263c2045abf64063a1e0bd0.jpg,Pork|Oil|Bay leaf|Nutmeg|Berry|Cardamom|Onion|Cinnamon|Chili pepper|Scotch bonnet|Thyme|Habanero|Leaf vegetable|Allspice|Vinegar|Ginger|Lime (fruit)|Juice|Salt|Garlic|Clove|Black pepper|Scallion|Wine|Seed|Vegetable oil|Vegetable,288.07676098125523,20.25007650391485,4.832598000015578,21.676853367164135
Achiote-Seared Shrimp with Quick Habanero-Pickled Onion,https://www.edamam.com/web-img/b78/b78b9164f13d835fe95b74018d4243fb.jpg,Garnish (food)|Vegetable|Vegetable oil|Oil|Vinegar|Apple|Recado rojo|Salt|Red onion|Onion|Coriander|Parsley|Orange juice|Juice|Chili pepper|Lime (fruit)|Habanero|Olive|Garlic|Clove|Apple cider|Cider,133.37880709375,1.6413909178125001,9.3082670521875,20.0898017365625
Ham with Hawaiian Salsa and Sweet Potatoes,https://www.edamam.com/web-img/0a9/0a915e0c4efae083c29908f30fa255ce.jpg,Coriander|Juice|Lime (fruit)|Onion|Oil|Red onion|Salt|Peel (fruit)|Honey|Steak|Capsicum|Black pepper|Pineapple|Ham|Potato|Sweet potato,1281.115187500392,54.274957499999964,29.827775625105208,159.27384593750014
Tropical Grilled Pork Chops,https://www.edamam.com/web-img/360/3600fc9a6ba4c2aa7724ea0e67ae381a.jpg,Juice|Seed|Vinegar|Rice wine|Wine|Rice|Cardamom|Pork|Apple sauce|Chili pepper|Cayenne pepper|Clove|Garlic|Chili powder|Water|Oil|Sugar|Vegetable|Vegetable oil|Mango|Coriander|Jalapeño|Soy sauce|Salt|Lemon|Pineapple|Pork chop|Black pepper,503.2025555561332,19.225137916720143,38.332013159749884,43.15208027778137
Rusty Chicken Thighs,https://www.edamam.com/web-img/849/8495c7edda279e5dc74a30dd263d31bf.jpg,Lime (fruit)|Hot sauce|Sambal|Black pepper|Vinegar|Clove|Garlic|Chili pepper|Mayonnaise|Chicken as food|Salt|Syrup|Maple syrup|Rice|Soy sauce,293.00057318652506,21.707668040196502,4.29337860296125,19.192667192682254
Chef John's Prison-Style Meatloaf,https://www.edamam.com/web-img/7c6/7c6be19d10aee49fa247887cddcc8d40.jpg,Egg as food|Parmigiano-Reggiano|Cheese|Olive|Clove|Garlic|Oil|Olive oil|Parsley|Cayenne pepper|Black pepper|Salt|Milk|Tomato sauce|Tomato|Onion|Bread crumbs|White bread|Bread|Butter,289.1198423300001,11.606926464037501,19.611383597725006,27.4563601770375
Breaded Chicken Fingers,https://www.edamam.com/web-img/29c/29c51f2142334d1788f597e704315de7.jpg,Chicken as food|Corn flakes|Paprika|Seasoning|Egg white|Parmigiano-Reggiano,246.10934410000004,11.19215043125,9.135631875,26.030058536250003
"bacon, egg and leek risotto",https://www.edamam.com/web-img/46e/46e3e4b0ca8de365f451b349359ffd17.jpg,Carnaroli|Cheese|Pancetta|Leek|White wine|Wine|Oil|Broth|Vegetable|Rice|Black pepper|Onion|Vermouth|Bacon|Stock (food)|Chicken as food|Butter|Garnish (food)|Egg as food|Parmigiano-Reggiano|Salt|Olive oil|Olive,276.2960849391203,9.407103456813678,35.87973654583262,10.377323959592697
Skillet Chicken with Homemade Rice-A-Roni and Green Beans Recipe,https://www.edamam.com/web-img/348/3480feffddd5a7b37167c6b69cf95665.jpg,Grain|Oil|Olive oil|Bean|Green bean|Kosher salt|Turmeric|Chicken as food|Rice|Garlic|Bay leaf|Broth|Saffron|Clove|Spaghetti|Black pepper|Salt|Olive,712.7525638950839,33.42942405887181,64.94257832286118,36.06631190209703
Chicken Fingers,https://www.edamam.com/web-img/bae/baeea0c7497ea5b250a70c78df8b7132.jpg,Barbecue sauce|Bread crumbs|Bread|Egg as food|Carrot|Chicken as food|Flour|Celery|Canola oil|Oil|Salt|Kosher salt|Black pepper|Cutlet,287.76154319461,14.297220685878596,26.1706324211845,13.125822333672906
Crispy chicken strips,https://www.edamam.com/web-img/252/25205238106697c9980d4872977303d7.jpg,Flour|Paprika|Water|Hot sauce|Egg as food|Kosher salt|Salt|Sea salt|Thyme|Bread crumbs|Bread|Oil|Vegetable oil|Vegetable|Chicken as food,562.4009538704996,34.469538309195165,28.161293958321416,33.477666229163695
Roast Adobo Pork Loin,https://www.edamam.com/web-img/9f0/9f0f44cb7bdcb997cab45f6bd4941ac5.jpeg,Adobo|Chili pepper|Seasoning|Pork loin|Pork|Cinnamon|Olive oil|Olive|Sugar|Brown sugar|Chili powder|Cumin,397.111037864,23.39133765682,4.135264375,41.396591313360005
Grilled Giant Pork Chops With Adobo Paste,https://www.edamam.com/web-img/4cd/4cdab9b442f3baaf28eb767e112b8308.jpg,Pork chop|Pork|Olive|Kosher salt|Salt|Lime (fruit)|Zest (ingredient)|Garlic|Paprika|Oil|Olive oil|Cumin|Oregano|Black pepper,532.9590163123457,32.32244994368569,5.055436874961906,53.9104892776818
Grilled Giant Pork Chops with Adobo Paste,https://www.edamam.com/web-img/fb6/fb6b5aa277cccea8902f9c61589fe82b.jpg,Lime (fruit)|Pork chop|Kosher salt|Garlic|Oregano|Black pepper|Paprika|Pork|Oil|Olive oil|Olive|Zest (ingredient)|Salt|Cumin,532.9590163123457,32.32244994368569,5.055436874961906,53.9104892776818
Cuzco Roast Pork Loin with Onion and Pepper Stir-Fry (Lomo Saltado),https://www.edamam.com/web-img/190/1909205014f0fd7ea673cfecf448b439.jpg,Flour|Salt|Liquid smoke|Bell pepper|Oregano|Black pepper|Orange (fruit)|Onion|Rapeseed|Oil|Onion powder|Pork|Beef|Broth|Pork loin|Coriander|Grape seed oil|Adobo|Garlic|Garlic powder,448.4970413999586,26.089491492009852,14.314449005855385,38.360082964484555
Chipotle Pork,https://www.edamam.com/web-img/775/775042749ab7172008b28b93b3c376c3.jpg,Pork|Pork loin|Black pepper|Chipotle|Onion|Fruit|Adobo|Canola oil|Coriander|Apricot|Bell pepper|Butternut squash,226.8656772094167,10.866772488019166,18.50825,14.548148323807501