0,Chef John's Shakshuka
1,Grilled Marinated Shrimp
2,BBQ Steak
3,Chile Garlic BBQ Salmon
4,Prosciutto-Wrapped Cherry-Stuffed Chicken Breasts
5,Cheesy Ham Potato Bake
6,Chicken Chimichangas with Sour Cream Sauce
7,Spaghetti Squash Casserole in the Shell
8,Cindy's Jambalaya
9,Glazed Meatloaf II
10,Easy Slow Cooker Chicken and Dumplings
11,Bob's Stuffed Banana Peppers
12,Asian Pork Tenderloin
13,Vegetarian Four Cheese Lasagna
14,Glazed Ham
15,Mushroom Pie
16,Grilled Lamb with Brown Sugar Glaze
17,Apple Glazed Pork Tenderloin
18,General Tsao's Chicken II
19,Accidental Fish
20,Pistachio Crusted Chicken
21,Manicotti
22,Easy Paella
23,Pork Dumplings
24,Easy Chicken Pot Pie
25,Best Turkey Meatloaf
26,Melt-in-Your-Mouth Broiled Salmon
27,Apple and Brown Sugar Corned Beef
28,Easy Indian Butter Chicken
29,"Chicken French - Rochester NY Style"
30,Roasted Butternut Squash and Garlic Lasagna
31,Kalbi (Korean BBQ Short Ribs)
32,Authentic Enchiladas Verdes
33,Chef John's Pulled Pork BBQ
34,Greek Lemon Chicken and Potatoes
35,Hearty Vegetable Lasagna
36,Cheesy Chicken Pot Pie
37,Chef John's Smothered Pork Chops 
38,Chef John's Chicken and Dumplings
39,Liver and Onions
40,Chicken Souvlaki Gyro Style
41,Chicken Pot Pie III
42,Asian Glazed Chicken Thighs
43,Briam (Greek Baked Zucchini and Potatoes)
44,Salsafied Chicken and Rice
45,Bob's Awesome Lasagna
46,Bacon Risotto
47,Best Beef Dip Ever
48,Chef John's Chicken French 
49,London Broil II
50,House Fried Rice
51,Fish Roll-Ups
52,Enchiladas Suizas
53,Zesty Slow Cooker Chicken Barbecue
54,Fried Chicken with Creamy Gravy
55,Rita's Sweet Holiday Baked Ham
56,North Carolina-Style Pulled Pork
57,How to Cook Trout
58,Lasagna Stuffed Shells
59,Gerry's Chicken Enchiladas
60,Easy French Dip Sandwiches
61,Balsamic Roasted Pork Loin
62,Seared Ahi Tuna Steaks
63,Garlicky Appetizer Shrimp Scampi
64,Spicy Garlic Lime Chicken
65,Indonesian Satay
66,Sensational Steak Sandwich
67,Vegan Bean Taco Filling
68,Pizza On The Grill I
69,Bread Machine Calzone
70,Turkey Pot Pie I
71,Grilled Cod
72,Tangy Honey Glazed Ham
73,Honey Glazed Ham
74,Grilled Salmon II
75,Homemade Sloppy Joes
76,Burrito Pie
77,Sweet and Sour Pork III
78,Patti's Mussels a la Mariniere
79,Slow Cooker Pinto Beans
80,Sicilian Roasted Chicken
81,Campbell's� Slow Cooker Savory Pot Roast
82,Roast Beef Tenderloin
83,Rotisserie Chicken
84,Chicken Thigh and Dumpling Stew
85,Baked BBQ Baby Back Ribs
86,Chicken Pesto Pizza
87,Barbeque Pork Two Ways
88,Chef John's Stuffed Peppers
89,Brandied Shrimp with Pasta
90,Chef John's Turkey Noodle Casserole
91,Chile Verde II
92,Stuffed Shells I
93,Oven Fried Parmesan Chicken
94,Fast Salmon with a Ginger Glaze
95,Bacon Wrapped Pork Medallions
96,Quick and Easy Mexican Chicken
97,Whit's Chicken Enchiladas
98,Poblano Chile Enchiladas a la Gringa
99,Parmesan-Crusted Pork Chops
100,Chicago-Style Hot Dog
101,Rolled Dumplings
102,Big Smokey Burgers
103,Baked Salmon II
104,Calzone
105,Bob's Pulled Pork on a Smoker
106,Barbequed Marinated Flank Steak
107,Mediterranean Puff Pastry Chicken
108,Crispy Fish
109,Tantalizingly Tangy Meatloaf
110,Juicy Thanksgiving Turkey
111,Bronco Burger
112,Shrimp Po' Boys
113,Quick Savory Cranberry Glazed Pork Loin Roast
114,Oven Pot Roast
115,Simple Savory Pork Roast
116,Marinated Grilled Shrimp
117,Chef John's Salmon
118,Alice Chicken
119,Juicy Roasted Chicken
120,California Grilled Veggie Sandwich
121,Corned Beef and Cabbage I
122,Whole Chicken Slow Cooker Recipe
123,Absolute Best Liver and Onions
124,Chef John's Buttermilk Fried Chicken 
125,Little Meat Loaves
126,Cottage Meatloaf
127,Instant Pot� Salisbury Steak with Onion and Mushroom Gravy
128,Texas Pork Ribs
129,Greek Lemon Chicken and Potato Bake
130,My Mom's Parmesan Chicken
131,Spinach and Feta Turkey Burgers
132,Sweet and Sour Meatloaf
133,Steamed Lobster Tails
134,Iowa Pork Steak
135,Pot Roast in Foil
136,Seasoned Swai Fish Fillet
137,Best Ever Crab Cakes
138,Romano Chicken
139,Sloppy Joes II
140,Clams Italiano
141,Chef John's Lasagna
142,Chef John's Perfect Prime Rib
143,"Bow Ties with Sausage Tomatoes and Cream"
144,Famous Butter Chicken
145,Balsamic Baked Tilapia
146,Homemade Chicken Parmigiana
147,Original Homemade Italian Beef
148,Beef and Bean Chimichangas
149,Souvlaki
150,Slammin' Salmon
151,Creamy Pesto Chicken and Bow Ties
152,B.L.A.T. Wraps
153,Korean Fried Chicken
154,Chicken Parmesan
155,Vegetable Pizza I
156,Feta Cheese Turkey Burgers
157,Four Cheese Margherita Pizza
158,Vegetarian Bibimbap
159,Dad's Leftover Turkey Pot Pie
160,Easy Chicken Satay
161,Vegetarian Mexican Inspired Stuffed Peppers
162,Sweet and Sour Chicken II
163,Chef John's Spaghetti alla Carbonara
164,"""Pantry Raid"" Chicken Enchilada Casserole"
165,Chef John's Chicken Marsala 
166,Mushroom Chicken Piccata
167,Sweet and Sour Pork Tenderloin
168,Elegant Beef Stroganoff
169,"Cedar Plank-Grilled Salmon with Garlic Lemon and Dill"
170,Chef John's Beef Rouladen
171,Spinach Mushroom Quiche
172,Broiled Tilapia Parmesan
173,Easy Vegetable Pot Pie
174,Pesto Stuffed Pork Chops
175,Italian Sausage and Zucchini
176,Cocoa Cherry Pork
177,Cheddar Baked Chicken
178,Fabulous Beef Tenderloin
179,Chef John's Fresh Salmon Cakes
180,Kris' Amazing Shredded Mexican Beef
181,Spicy Shrimp Creole
182,Awesome Spicy Beef Kabobs OR Haitian Voodoo Sticks
183,Taco Lasagna
184,Mississippi Pot Roast
185,G's Flank Steak Marinade
186,Simple Broiled Haddock
187,Awesome Slow Cooker Pot Roast
188,Chef John's Corned Beef and Cabbage 
189,Quiche Supreme
190,Sean's Falafel and Cucumber Sauce
191,Chicken Breasts Stuffed with Perfection
192,Macaroni and Cheese with Caramelized Onions and Bacon
193,Fish Tacos Ultimo
194,Creamy Salmon and Leek Pasta
195,RamJam Chicken
196,Chicken Cordon Bleu I
197,Mama's Best Broiled Tomato Sandwich
198,Mom's Stovetop Pork Ribs
199,Easy Slow Cooker French Dip
200,Slow Cooker Pot Roast
201,All American Roast Beef
202,Chicago-Style Pan Pizza
203,Turkey Pot Pie II
204,Classic Fried Rice
205,Cajun Chicken
206,Roast Chicken with Rosemary
207,Simple Spinach Lasagna
208,Blackened Fish
209,Juicy Lucy Burgers
210,"Super-Simple Super-Spicy Mongolian Beef"
211,Sweet and Sour Chicken I
212,Spicy Grilled Shrimp
213,Pennsylvania Coal Region Barbecue
214,Ranch Chicken Tacos
215,Breaded Parmesan Ranch Chicken
216,Pesto Chicken
217,Chicken Taco Casserole
218,Grilled Salmon Kyoto
219,Cajun Style Stuffed Peppers
220,Grecian Pork Tenderloin
221,Feta and Olive Meatballs
222,Crispy Pork Carnitas
223,Weeknight Chicken Cordon Bleu
224,World's Best Lasagna
225,Maple Salmon
226,Crust for Veggie Pot Pie
227,Mary's Meatloaf
228,Grilled Salmon with Bacon and Corn Relish
229,Stuffed Mexican Peppers
230,Marinated Tuna Steak
231,Reuben Sandwich I
232,Crispy Pork Cutlets
233,Scott Ure's Clams And Garlic
234,Perfect Ten Baked Cod
235,Smothered Chicken Breasts
236,Healthier Broiled Tilapia Parmesan
237,Baked Split Chicken Breast
238,BBQ NY Strip
239,Easy Meatloaf
240,Mozzarella Chicken
241,Chicken Enchiladas II
242,Southern Fried Chicken Livers
243,Pan Fried Halibut Steak with Light Green Sauce
244,Blackened Tuna Steaks with Mango Salsa
245,Cornish Game Hens with Garlic and Rosemary
246,Pan Seared Salmon I
247,Pesto Chicken Penne Casserole
248,Boiled Chicken
249,Amazing Spicy Grilled Shrimp
250,Dijon-Tarragon Cream Chicken
251,Spinach and Feta Pita Bake
252,Honey Grilled Shrimp
253,Garlic Prime Rib
254,Baked Salmon Fillets Dijon
255,Berdean's Cube Steak
256,Beef Stroganoff III
257,Three Cheese Manicotti II
258,Pesto Chicken Florentine
259,Butternut Squash Risotto
260,Chicken Stuffed Baked Avocados
261,Prune and Olive Chicken
262,Spoiled Baby Back Ribs
263,Turkey Pot Pie
264,BBQ Chicken Pizza
265,Blue Cheese Beef Tenderloin
266,Turkey Cheeseburger Meatloaf
267,Cherry Bomb Chicken
268,Baked Parmesan-Crusted Chicken
269,Black Beans and Pork Chops
270,Chef John's Meatless Meatballs
271,Autumn Spice Ham Steak
272,Creamy Herbed Pork Chops
273,Jalapeno Chicken II
274,Honey Mustard Grilled Chicken
275,Mozzarella-Stuffed Pesto Turkey Meatballs
276,"Chicken Sausage Peppers and Potatoes"
277,Simply Traditional Lasagna
278,Penne a la Vodka II
279,Roasted Lemon Herb Chicken
280,Cordon Bleu Chicken Rolls
281,Halibut with Rice Wine
282,Rosemary Ranch Chicken Kabobs
283,Chef John's Red Beans and Rice
284,Roast Leg of Lamb with Rosemary
285,Beer and Brown Sugar Steak Marinade
286,Grilled Filet Mignon with Gorgonzola Cream Sauce
287,Chef John's Ricotta Meatballs 
288,Angela's Awesome Enchiladas
289,Spicy Chipotle Turkey Burgers
290,Almond-Crusted Tilapia
291,Chef John's Fisherman's Pie
292,Spicy Shrimp and Grits
293,Deb's General Tso's Chicken
294,Shredded Beef Enchiladas
295,Mahi Mahi with Coconut Rice and Mango Salsa
296,Johnsonville� Italian Meatballs
297,"Pork Chops with Fresh Tomato Onion Garlic and Feta"
298,Chicken Tequila Fettuccini
299,Puttanesca I
300,Spicy Rapid Roast Chicken
301,Indian Fish Curry
302,Braised Corned Beef Brisket
303,Spicy Eggplant
304,Slow Cooker Cilantro Lime Chicken
305,Shrimp Scampi with Pasta
306,Chicken Breasts Supreme
307,Lover's Beef Burgundy Filet
308,Eggplant Parmesan Casserole 
309,Roasted Rack of Lamb
310,Maple Baked Pork Loin Roast
311,Grilled Rock Lobster Tails
312,Ham and Cheese Quiche
313,Sea Bass a la Michele
314,Slow Cooker Turkey Breast
315,Simple Grilled Lamb Chops
316,Slow Cooker Pulled Pork
317,Ronaldo's Beef Carnitas
318,Champagne Shrimp and Pasta
319,Maple Glazed Chicken with Sweet Potatoes
320,Chef John's Spaghetti with Red Clam Sauce
321,Asiago Sun-Dried Tomato Pasta
322,"Homestyle Turkey the Michigander Way"
323,Incredibly Easy Chicken and Noodles
324,Wisconsin Bratwurst
325,Seasoned Cornish Hens
326,Carne Guisada III
327,Real N'awlins Muffuletta
328,Ginger Glazed Mahi Mahi
329,Orange and Milk-Braised Pork Carnitas
330,Asian Salmon
331,Chicken Milano
332,Sausage and Bow-Tie Pasta Florentine
333,Corn Dogs
334,Chef John's Pasta Primavera
335,Sausage Pasta
336,Prize Winning Baby Back Ribs
337,Pepper-Honey Cedar Plank Salmon
338,Creamy Pesto Shrimp
339,Fried Rice I
340,Colorful Vegetable Fajitas
341,Lori's Famous Crab Cakes
342,French Leek Pie
343,Beth's Meat Loaf
344,Summer Chicken Burgers
345,Manicotti Alla Romana
346,Barbequed Ribs
347,The Best Clam Sauce
348,Mushroom Risotto
349,Easy Tuna Patties
350,Smothered Beef Short Ribs
351,Classic Cuban Midnight (Medianoche) Sandwich
352,"Best Ever Sausage with Peppers Onions and Beer!"
353,Soft Mahi Mahi Tacos with Ginger-Lime Dressing
354,Canadian Pork Loin Chops
355,Chef John's Sloppy Joes 
356,Flounder Mediterranean
357,Chicken Enchiladas with Creamy Green Chile Sauce
358,Chicken and Biscuit Casserole
359,Candied Chicken Breasts
360,Chicken In Basil Cream
361,Ultimate Shrimp Scampi
362,Perfect Baked Jerk Chicken
363,Eggplant Lasagna
364,Homemade Wonton Soup
365,Cajun Style Meatloaf
366,Slow Cooker Italian Beef
367,Garlic Chicken Fried Chicken
368,Pretty Chicken Marinade
369,Chicken Fettuccini Alfredo
370,Awesome Korean Steak
371,Ham and Pineapple Kabobs
372,Lucky's Quickie Chickie
373,BBQ Chicken Pizza II
374,One Skillet Mexican Quinoa
375,Chef John's Roasted Leg of Lamb
376,Spicy Basil Chicken
377,Chicken Marsala Florentine
378,Easy Lasagna II
379,Chicken Cordon Bleu II
380,Creamy Cajun Chicken Pasta
381,Little Lamb Meatballs in a Spicy Eggplant Tomato Sauce
382,Ham with Pineapple
383,Gourmet Chicken Pizza
384,Quick Chicken Piccata
385,Baked Dijon Salmon
386,Parmesan Crusted Tilapia Fillets
387,Spinach Lasagna II
388,Spaghetti Squash Pad Thai
389,Jalapeno Steak
390,Chef John's Barbecue Chicken 
391,Chef John's Baked Lemon Pepper Salmon
392,Chipotle Crusted Pork Tenderloin
393,Chef John's Classic Beef Stroganoff
394,"Asparagus Chicken and Pecan Pasta"
395,Chicken Yakisoba
396,Chicken Pesto a la Lisa
397,Maple-Brined Pork Loin
398,Chef John's Salt Roasted Chicken
399,Kaese Spaetzle
400,Salmon with Lemon and Dill
401,Alysia's Basic Meat Lasagna
402,Veracruz-Style Red Snapper
403,One-Pot Chicken and Sausage Orzo
404,Stuffed Peppers My Way
405,Blackened Tuna
406,Traditional Osso Buco
407,Baked Chicken and Zucchini
408,Salmon Patties I
409,Hot Tamale Pie
410,Chef John's Turkey Sloppy Joes
411,Chicken with Lemon-Caper Sauce
412,Grilled Chicken with Herbs
413,Korean Spicy Chicken and Potato (Tak Toritang)
414,Coq au Vin alla Italiana
415,Happy Shrimp
416,French Dip Sandwiches
417,Individual Beef Wellingtons
418,Amazing Pork Chops in Cream Sauce
419,Roast Sticky Chicken-Rotisserie Style
420,Wonderful Short Ribs
421,Kelsey's Cheesy Bacon Breasts
422,Chef John's Crab Cakes
423,Calico Bean Casserole
424,Grilled Mediterranean Vegetable Sandwich
425,Chipotle Shrimp Tacos
426,Chicken Apple Sausage with Cabbage
427,Kielbasa and Cabbage
428,Chicken Monterey
429,Best Stovetop BBQ Ribs
430,Instant Pot� Mushroom Risotto
431,Best Ever Slow Cooker Italian Beef Roast
432,Salmon with Dill
433,Shrimp Scampi Bake
434,Thai Steamed Mussels
435,Linguine Pasta with Shrimp and Tomatoes
436,Slow Cooker Barbeque
437,Detroit-Style Pizza
438,Doreen's Ham Slices on the Grill
439,Baked Pasta with Sausage and Baby Portobello Mushroom White Sauce
440,Prime Rib
441,Meat Pie (Tourtiere)
442,Thai Green Curry Chicken
443,Grilled Rosemary Pork Chops
444,Jewish Style Sweet and Sour Brisket
445,"Italian Sausage Peppers and Onions"
446,Marinated Pork Tenderloin
447,Beef Wellington
448,Spicy Thai Basil Chicken (Pad Krapow Gai)
449,Teena's Spicy Pesto Chicken and Pasta
450,Grilled Chicken with Rosemary and Bacon
451,Swordfish a la Siciliana
452,Slider-Style Mini Burgers 
453,Grilled Pork Loin Chops
454,Chicken Souvlaki with Tzatziki Sauce
455,Mimi's Slumgullion
456,Thai Spicy Basil Chicken Fried Rice
457,Charleston Shrimp 'n' Gravy
458,Lamb and Rice Stuffed Cabbage Rolls
459,Marie's Easy Slow Cooker Pot Roast
460,Spinach Cheese Manicotti
461,Beef Tenderloin With Roasted Shallots
462,Bacon Jack Chicken Sandwich
463,Foolproof Rib Roast
464,Maple Glazed Ribs
465,Quiche Lorraine II
466,Herbed Pork and Apples
467,New Orleans Barbeque Shrimp
468,Italian Grilled Cheese Sandwiches
469,Baked Pork Chops I
470,Asian Beef Skewers
471,Oregon Salmon Patties
472,German Rouladen
473,Quick Fish Tacos
474,Pita Pizza
475,Pizza Chicken
476,Chicken Fried Chicken
477,Easy Garlic Broiled Chicken
478,Macadamia-Crusted Sea Bass with Mango Cream Sauce
479,Chicken Enchiladas V
480,Firecracker Grilled Alaska Salmon
481,Shish Tawook Grilled Chicken
482,Pam's Bierocks
483,Lemon-Pepper Salmon
484,Sour Cream Enchiladas
485,Delicious Salmon
486,American Lasagna
487,Chef John's Chicken Kiev
488,Turkey in a Bag
489,Basil Cream Chicken
490,Island-Style Fried Rice
491,Poppy Seed Chicken II
492,Lasagna Roll Ups
493,Chef John's Chicken and Mushrooms
494,Black-Eyed Peas with Pork and Greens
495,Easiest Slow Cooker French Dip
496,Shrimp Linguine
497,Stuffed Shells IV
498,Classic Meatloaf
499,Indian Tomato Chicken
500,Meatball Nirvana
501,Chicken Pesto Paninis
502,Sarge's EZ Pulled Pork BBQ
503,Chinese Pork Dumplings
504,Cajun Chicken Lasagna
505,Penne with Spicy Vodka Tomato Cream Sauce
506,Shredded Chicken Tacos
507,Grilled Salmon with Habanero-Lime Butter
508,Beef Pot Roast
509,Authentic Chicken Tikka Masala
510,Barbecued Beef
511,Tomato Basil Salmon
512,Luscious Chicken Pot Pie
513,Grilled Spicy Lamb Burgers
514,Barbecue Ribs
515,Rich and Creamy Beef Stroganoff
516,Cottage Cheese Chicken Enchiladas
517,BBQ Glazed Homemade Meatballs
518,The Best Parmesan Chicken Bake
519,Jimmy's Mexican Pizza
520,Emergency Chicken
521,Turkey and Quinoa Meatloaf
522,Portobello Sandwiches
523,Dave's Low Country Boil
524,Chef John's Swedish Meatballs
525,Pepperoncini Beef
526,Garlic Alfredo Tilapia
527,Jalapeno Cream Cheese Chicken Enchiladas
528,Low-Fat Chicken Pot Pie
529,Exchange Gang Pasta with Shrimp
530,Vietnamese Sandwich
531,Baked Spaghetti 
532,The Best Meatloaf
533,Slow Cooker Red Curry Beef Pot Roast
534,Honey Walnut Shrimp
535,Feta and Bacon Stuffed Chicken with Onion Mashed Potatoes
536,Slow Cooked Corned Beef for Sandwiches
537,Bacon Ranch Chicken Skewers
538,Steak on a Stick
539,Charley's Slow Cooker Mexican Style Meat
540,Men Love This Steak
541,German Spaetzle Dumplings
542,Awesome Grilled Cheese Sandwiches
543,Kosher Salt Encrusted Prime Rib Roast
544,Spicy Salmon with Caramelized Onions
545,Real Chiles Rellenos
546,Easy Herb Roasted Turkey
547,Cornish Finnish Michigan Pasties
548,Amazing Southwest Cilantro Lime Mango Grilled Chicken Sandwiches
549,Quiche
550,Deep South Fried Chicken
551,Chicken Piccata with Artichoke Hearts
552,Slow Cooker Italian Beef for Sandwiches
553,Coconut Tilapia with Apricot Dipping Sauce
554,Pork Butt Roast with Vegetables
555,Apricot Brown Sugar Ham
556,Chef John's Turkey Burger
557,Apple Cider Sauce and Pork Loin Chops
558,Glazed Baked Ham
559,Chicken Scallopini
560,Simple Garlic Shrimp
561,Chef John's Italian Meatballs
562,Italian Turkey Meatballs
563,Cajun Style Blackened Snapper
564,Fast English Muffin Pizzas
565,Baked Haddock
566,Slow Cooker Carolina BBQ
567,Pork Carnitas
568,Beef Bulgogi
569,Barbequed Steelhead Trout
570,Broiled Grouper Parmesan
571,Chef John's Honey-Glazed Ham
572,Slow Cooker Apple Cider Braised Pork
573,Linda's Lasagna
574,Penne Russo a la Vodka
575,Glazed Corned Beef
576,London Broil I
577,Basil Shrimp
578,Crispy Fried Chicken
579,Slow Cooker Texas Pulled Pork
580,Shrimp Francesca
581,Buffalo Chicken and Roasted Potato Casserole
582,Chicken and Lentils
583,Korean BBQ Beef (Pul-Kogi)
584,Lamb Tagine
585,Oaxacan Tacos
586,Turkey in a Smoker
587,Classic and Simple Meat Lasagna
588,Spaghetti Aglio e Olio
589,Tasty Lentil Tacos
590,Clam Sauce with Linguine
591,Buffalo Chicken Wraps
592,Marinated Turkey Breast
593,Pan-Roasted Chicken Breasts
594,Smoky Grilled Pork Chops
595,Chef John's Macaroni and Cheese
596,Pico de Gallo Chicken Quesadillas
597,Chicken Fajita Melts
598,"Fettuccini with Mushroom Ham and Rose Sauce"
599,Jalapeno Popper Grilled Cheese Sandwich
600,Harvest Rice Dish
601,Wiener Schnitzel
602,Gouda and Spinach Stuffed Pork Chops
603,Rib Eye Steaks with a Soy and Ginger Marinade
604,Shrimp Florentine with Zoodles
605,Hamburger Steak with Onions and Gravy
606,Rosemary Braised Lamb Shanks
607,Millie Pasquinelli's Fried Chicken
608,Chicken and Mushroom Saute
609,"Blue Cheese Spinach Meat Loaf Muffins"
610,Chef John's Chicken Cacciatore
611,Asian Grilled Chicken
612,Unstuffed Cabbage Roll
613,Grilled Tri-Tip with Oregon Herb Rub
614,King Ranch Chicken Casserole 
615,Baked Ziti I
616,California Chicken Spaghetti
617,Brooklyn Girl's Penne Arrabiata
618,Chef John's Roast Turkey and Gravy
619,Slow Cooker Pork Roast
620,Best Ever Meat Loaf
621,Heather's Grilled Salmon
622,Mom's Sushi Rice
623,Jagerschnitzel
624,Tomato Vodka Sauce
625,Bourbon-Mango Pulled Pork
626,Pigs in a Blanket
627,Sea Bass Cuban Style
628,Kofta Kebabs
629,Stuffed Shells III
630,Grilled Venison Backstrap
631,Kalua Pig in a Slow Cooker
632,Meatball Sandwich
633,Pork Chops with Blue Cheese Gravy
634,Authentic Mexican Chili Rellenos
635,Easy Pleasy Mac N Cheesy -  US Navy Style
636,Chorizo Stuffed Bell Peppers
637,Pesto Pizza
638,Easy Corned Beef and Cabbage
639,Keema Aloo (Ground Beef and Potatoes)
640,Broiled Lobster Tails
641,Restaurant-Style Prime Rib Roast
642,Stuffed Zucchini with Chicken Sausage
643,Beefy Baked Ravioli
644,Cajun Shrimp Orecchiette
645,Maple Roast Turkey and Gravy
646,Instant Pot� Chicken Cacciatore
647,The World's Best Turkey
648,Beer Brats
649,Salmon with Tomatoes
650,Parmesan Sage Pork Chops
651,"Sausage Peppers Onions and Potato Bake"
652,Spicy Crispy Beef
653,Baked Eggplant Parmesan
654,Chicken Paprikash II
655,Simple Carnitas
656,Simply the Easiest Beef Brisket
657,Chicken with Quinoa and Veggies
658,Smokey Chipotle Meatloaf
659,Sweet and Sour Chicken Tenders
660,Grilled Chicken Marinade
661,Spinach Stuffed Chicken Breasts
662,Melt-In-Your-Mouth Meat Loaf
663,Cajun Seafood Pasta
664,Chef John's Coq Au Vin
665,Chicken Parmigiana
666,Marrakesh Vegetable Curry
667,Slovak Stuffed Cabbage
668,Sweet Hot Mustard Chicken Thighs
669,Beer Butt Chicken
670,Alla Checca
671,Chicken Stir-Fry
672,Honey Baked Chicken II
673,Southern Fried Chicken
674,Old Time Chicken Divan
675,Slow-Cooker Corned Beef and Cabbage  
676,Poppy Seed Chicken Casserole
677,Cuban Midnight Sandwich
678,Molasses Brined Pork Chops
679,Alaska Salmon Bake with Pecan Crunch Coating
680,Spicy Grilled Chicken
681,Baked Macaroni and Cheese
682,Portobello Mushroom Burgers
683,Personal Portobello Pizza
684,Cavatini II
685,Super Simple Salmon
686,Santa Maria Grilled Tri-Tip Beef 
687,Chef John's BLT Pasta 
688,Glazed Meatloaf I
689,Sensational Sirloin Kabobs
690,Tender Pork Spare Ribs
691,Dad's Cheesy Bacon Wrapped Meat Loaf
692,Fish Tacos
693,Blackened Salmon Fillets
694,Baked Ziti IV
695,Pork Tenderloin Diablo
696,Grilled Marinated Swordfish
697,Almond-Crusted Halibut Crystal Symphony
698,Mama Corleone's Sausage and Peppers
699,Chop Suey
700,Awesome Red Wine Pot Roast
701,Zucchini Patties
702,No-Noodle Zucchini Lasagna
703,Picante Chicken Rice Burritos
704,Hearty Meatball Sandwich
705,Fish Tacos with Honey-Cumin Cilantro Slaw and Chipotle Mayo
706,One Pan Orecchiette Pasta
707,Farmer's Market Vegetarian Quesadillas
708,Swedish Meatballs (Svenska Kottbullar)
709,Grilled Coffee and Cola Skirt Steak
710,Fettuccine Alfredo V
711,Kabobs
712,Easy Chicken Enchiladas
713,Chicken with 20 Cloves of Garlic 
714,Sweet Potato Enchiladas
715,Chicken Breasts Pierre
716,Crab Legs with Garlic Butter Sauce
717,Oven Baked BBQ Ribs
718,Honey-Ginger Grilled Salmon
719,Mushroom Meatloaf
720,Beef Bourguignon I
721,Chef John's Peanut Curry Chicken
722,A Scotsman's Shepherd Pie
723,Lobster Tails Steamed in Beer
724,Beef and Rice Stuffed Bell Peppers
725,Penne and Vodka Sauce
726,Shrimp Lemon Pepper Linguini
727,Rock's T-Bone Steaks
728,Pineapple Grilled Pork Chops
729,Chef John's Chicken Riggies
730,Capers and Halibut
731,Turkey Tenderloins
732,Ham with Honey and Brown Sugar Glaze
733,Chicken and Spinach Alfredo Lasagna
734,Chef John's Creamy Mushroom Pasta 
735,Scott Hibb's Amazing Whisky Grilled Baby Back Ribs
736,Broiled Parmesan-Lemon Tilapia 
737,Peppered Shrimp Alfredo
738,Chicken Biscuit Pie
739,Italian Chicken Marinade
740,Artichoke Spinach Lasagna
741,Grilled Beef Tenderloin with Herb-Garlic-Pepper Coating
742,Shoyu Chicken
743,Turkey and Rice Meatballs (Albondigas)
744,Chicken Breasts with Chipotle Green Onion Gravy
745,Cheesy Sausage Zucchini Casserole
746,Pork Marsala
747,Marinated Flank Steak
748,Chicken and Bacon Shish Kabobs
749,Mongolian Beef and Spring Onions
750,Stuffed Zucchini
751,Easy Parmesan Crusted Chicken
752,Bats and Cobwebs
753,Vegetarian Meatloaf with Vegetables
754,Chinese Pepper Steak
755,Puff Pastry Salmon
756,Mini Meatloaves
757,Blue Cheese Burgers
758,Cheesy Sausage Pasta
759,Tangy Grilled Pork Tenderloin
760,Christmas Prime Rib
761,Chicken a la King I
762,Spanakopita (Greek Spinach Pie)
763,Leftover Ham -n- Potato Casserole
764,Salisbury Steak with Mushrooms
765,Parmesan Crusted Chicken
766,Wienerschnitzel
767,Heavenly Halibut
768,Chicken Pot Pie II
769,Philly Cheesesteak Sandwich with Garlic Mayo
770,Quick and Easy Paella 
771,Tender Italian Baked Chicken
772,Chicken and Mushroom Chimichangas 
773,Chef John's Beans and Greens
774,Tater Tot Taco Casserole
775,Salsa Chicken
776,Flavorful Flounder For the Oven
777,Chicken Marsala
778,Mama's Asian Chicken and Rice
779,Cedar Planked Salmon
780,Country Fried Steak
781,Grilled Mongolian Pork Chops
782,Garlic Salmon
783,Grilled Fish Tacos with Chipotle-Lime Dressing
784,Simple BBQ Ribs
785,Tender Pan-Fried Chicken Breasts
786,Monterey Chicken
787,Easier Chicken Marsala
788,Barbeque Bacon Chicken Bake
789,Taylor's Piroshki
790,Grilled Lemon Herb Pork Chops
791,Chicken Breasts in Caper Cream Sauce
792,Million Dollar Chicken
793,Slow Cooker Ham
794,Suki's Spinach and Feta Pasta
795,Calico Beans
796,Spicy Orange Chicken
797,How to Cook a Turkey
798,Roasted Herb Chicken and Potatoes
799,Bolognese Stuffed Bell Peppers
800,Pasta Primavera with Italian Turkey Sausage
801,Kraut Bierocks
802,Chef John's Caramel Chicken
803,Grandma's Polish Perogies
804,Sweet Polish Sausage
805,Pesto Turkey Burgers
806,Sexy Shrimp Scampi
807,Amazing Ribs
808,Grilled Flat Iron Steak with Blue Cheese-Chive Butter
809,Easy Baked Chicken Cordon Bleu
810,Easy Yet Romantic Filet Mignon
811,Actually Delicious Turkey Burgers
812,Grilled Tilapia with Mango Salsa
813,Ham and Butternut Squash Spaghetti
814,Mediterranean Pasta
815,Yummy Honey Chicken Kabobs
816,Barbequed Pork Ribs
817,Asparagus and Mozzarella Stuffed Chicken Breasts
818,Best Beef Enchiladas
819,Homemade Lasagna
820,Baby Back Ribs
821,Rolled Flank Steak
822,Grilled Cheese Sandwich
823,Skillet Pork Chops with Potatoes and Onion
824,Hillshire Farm� Sausage Alfredo
825,Trinidad Stewed Chicken
826,Simple Country Ribs
827,Pork Medallions with Balsamic Vinegar and Capers
828,Baked Corned Beef and Cabbage
829,Chicken Costa Brava
830,Spinach Lasagna III
831,Curry Stand Chicken Tikka Masala Sauce
832,Three Packet Slow Cooker Roast
833,Linguine with Chicken and Sauteed Vegetables
834,Baked Cod with Boursin Herb Cheese
835,To Die For Fettuccine Alfredo
836,Fra Diavolo Sauce With Pasta
837,Tilapia Scaloppine
838,Fry Bread Tacos II
839,Three Cheese Manicotti
840,Turkish Chicken Kebabs
841,Buffalo Chicken Mac and Cheese
842,Fried Corn with Smoked Sausage
843,Sylvia's Ribs
844,Soy Ginger Salmon
845,Sheet Pan Chicken Fajitas
846,Baked Parmesan Tilapia
847,Delectable Marinated Chicken
848,Margarita Grilled Shrimp
849,Southern Grilled Barbecued Ribs
850,Beef Yakitori
851,Blackened Shrimp Stroganoff
852,Perfect Turkey
853,Grilled Sausage with Potatoes and Green Beans
854,Chicken Jalfrezi
855,Pork Roast with Sauerkraut and Kielbasa
856,Aussie Chicken
857,Pasties II
858,Penne with Chicken and Pesto
859,Three Cheese Baked Pasta
860,Polish Noodles (Cottage Cheese and Noodles)
861,Brown Sugar Meatloaf
862,Pork Chops with Raspberry Sauce
863,Addictive Sesame Chicken
864,Chef John's Chicken Tikka Masala
865,Buffalo Shrimp
866,Stuffed Green Peppers I
867,Veggie Lasagna Florentine
868,Basic Microwave Risotto
869,Venison Bacon Burgers
870,Chicken Francesa
871,Camp David Spaghetti with Italian Sausage
872,Crispy and Tender Baked Chicken Thighs
873,Tomato Chicken Parmesan
874,Slow-Cooker Posole
875,Campbell's� Easy Chicken and Cheese Enchiladas
876,Midwest Salisbury Steak
877,Sausage and Sauerkraut
878,No-Cream Pasta Primavera
879,Kabob Marinade
880,Baked Halibut Steaks
881,Soul Smothered Chicken
882,Pizza Without the Red Sauce
883,Mostaccioli with Spinach and Feta
884,Drunken Mussels
885,Chef John's Baked Mushroom Risotto
886,Pork Chops Italiano
887,Slow Cooker Chile Verde
888,Baked Teriyaki Chicken
889,Grilled Pork Tenderloin
890,BBQ Pork for Sandwiches
891,Barbeque Halibut Steaks
892,Veggie Pot Pie
893,Slow-Cooker Barbecue Ribs
894,Baked Ziti III
895,Roast Pork with Maple and Mustard Glaze
896,Cranberry BBQ Chicken
897,Spinach Tomato Tortellini
898,Kung Wow Chicken
899,Gourmet Mushroom Risotto
900,Linguine with Seafood and Sundried Tomatoes
901,Crunchy Eggplant Parmesan
902,Irish Shepherd's Pie
903,Chicken Asparagus Roll-Ups
904,Chef John's Salmon Cakes 
905,Chef John's Salmon Mango Bango
906,Kathy's Roast and Vegetables
907,Grilled Salmon I
908,Sauce Rosee
909,Grandmas Bogie's Parmesan Chicken
910,Stuffed Tomato Basil Chicken
911,Simple Baked Chicken Breasts
912,Creamy PHILLY Pesto Chicken
913,Perfect Sesame Chicken
914,Chef John's Baked Eggs
915,Pork Chops with Apple Cider Glaze
916,Rosemary Roasted Turkey
917,A Simply Perfect Roast Turkey
918,Lemon-Pepper Salmon II
919,Sherry Braised Beef Short Ribs 
920,Grilled Stuffed Portobello Mushrooms
921,Old Fashioned Mac and Cheese
922,Easy Garlic-Lemon Scallops
923,Traditional Style Vegan Shepherd's Pie
924,Carnitas - Pressure Cooker
925,Restaurant-Style Tequila Lime Chicken
926,Vegetarian Korma
927,Fried Rice with Cilantro
928,Garlic Cheese Chicken Rollups
929,Chicken Breasts with Herb Basting Sauce
930,Grilled Sea Bass
931,Mississippi Roast - Slow Cooker Pepperoncini Pot Roast
932,Sesame Beef
933,Salmon with Brown Sugar Glaze
934,Chili-Lime Chicken Kabobs
935,Deb's Scallops Florentine
936,Happy Roast Chicken
937,Tropical Grilled Pork Chops
938,Rusty Chicken Thighs
939,Chef John's Prison-Style Meatloaf
940,Breaded Chicken Fingers
941,Roast Adobo Pork Loin
942,Cajun Chicken Pasta
943,Taco Stuffed Shells
944,Grilled Garlic and Herb Shrimp
945,Creamy Mushroom Meatloaf
946,Cola Pot Roast II
947,The Most Easy and Delish Meatloaf EVER!
948,Simple Beef Pot Roast
949,Honey-Brined Fried Chicken Breasts
950,Pistachio Crusted Rack of Lamb
951,Baked Orange Roughy Italian-Style
952,Brisket with BBQ Sauce
953,Crab-Stuffed Filet Mignon with Whiskey Peppercorn Sauce
954,Thai Pineapple Chicken Curry
955,Seattle Cream Cheese Dogs
956,Reuben Sandwich II
957,Oven-Roasted Turkey Breast
958,Grilled Halibut with Cilantro Garlic Butter
959,Rempel Family Meatloaf
960,Oven Barbecued Beef Brisket I
961,Mom's Fabulous Chicken Pot Pie with Biscuit Crust
962,Seafood Lasagna II
963,City Chicken
964,Dumplings
965,Cauliflower Fried 'Rice'
966,Simple Hamburger Stroganoff
967,Japanese Beef Stir-Fry
968,Italian Style Turkey Meatloaf
969,Cherry Tomato Sauce with Penne 
970,Indian Eggplant - Bhurtha
971,Lighter Chicken Fettuccine Alfredo
972,Creamy Chicken Lasagna
973,The Best Meatballs
974,Teriyaki Marinated Chicken
975,Chef John's Shepherd's Pie
976,Kielbasa with Brussels Sprouts
977,Korean BBQ Short Ribs (Gal-Bi)
978,Teriyaki Chicken
